,latitude,longitude,FBFM_VALUE
0,2210220.0,-2345040.0,-9999
1,2199390.0,-2341380.0,-9999
2,2207310.0,-2337480.0,-9999
3,2176050.0,-2347290.0,-9999
4,2124360.0,-2060970.0,12
5,2212200.0,-2343930.0,-9999
6,2208150.0,-2337120.0,-9999
7,1505970.0,-2128500.0,-9999
8,2170200.0,-2345490.0,-9999
9,2217330.0,-2339880.0,-9999
10,2192370.0,-2345220.0,-9999
11,2192130.0,-2344740.0,-9999
12,1507020.0,-2118570.0,-9999
13,2167740.0,-2348130.0,-9999
14,2187900.0,-2346270.0,-9999
15,1540710.0,-2182980.0,-9999
16,2184450.0,-2344050.0,-9999
17,2223990.0,-2345280.0,-9999
18,1516950.0,-2144220.0,-9999
19,1500360.0,-2113860.0,-9999
20,1512780.0,-2135670.0,-9999
21,2192370.0,-2346120.0,-9999
22,2213400.0,-2339010.0,-9999
23,2180220.0,-2347680.0,-9999
24,2174100.0,-2346540.0,-9999
25,2210160.0,-2341950.0,-9999
26,1511370.0,-2133120.0,-9999
27,1535250.0,-2171580.0,-9999
28,1516260.0,-2126880.0,-9999
29,2180580.0,-2341890.0,-9999
30,2228580.0,-2345910.0,-9999
31,1513680.0,-2127030.0,-9999
32,2193540.0,-2339280.0,-9999
33,2219220.0,-2341950.0,-9999
34,2186190.0,-2343660.0,-9999
35,1512000.0,-2124600.0,-9999
36,2223630.0,-2346120.0,-9999
37,2191380.0,-2339430.0,-9999
38,1522770.0,-2146410.0,-9999
39,2211090.0,-2339010.0,-9999
40,1519860.0,-2144820.0,-9999
41,2196660.0,-2345340.0,-9999
42,1520700.0,-2136960.0,-9999
43,2202240.0,-2345790.0,-9999
44,2216550.0,-2348370.0,-9999
45,2232300.0,-2347680.0,-9999
46,1503900.0,-2119200.0,-9999
47,1519200.0,-2147280.0,-9999
48,1516620.0,-2136960.0,-9999
49,2223300.0,-2343720.0,-9999
50,1518030.0,-2136810.0,-9999
51,2205780.0,-2346300.0,-9999
52,2221770.0,-2345430.0,-9999
53,2183730.0,-2345130.0,-9999
54,2181900.0,-2342910.0,-9999
55,1528170.0,-2161890.0,-9999
56,1513770.0,-2135970.0,-9999
57,1511070.0,-2126760.0,-9999
58,1497660.0,-2113020.0,-9999
59,2211930.0,-2340570.0,-9999
60,2194950.0,-2346000.0,-9999
61,2224920.0,-2345280.0,-9999
62,1532940.0,-2169900.0,-9999
63,2189400.0,-2345820.0,-9999
64,1518330.0,-2134920.0,-9999
65,1523550.0,-2145990.0,-9999
66,1503060.0,-2118510.0,-9999
67,2218590.0,-2343690.0,-9999
68,2225730.0,-2346540.0,-9999
69,2181690.0,-2337150.0,-9999
70,2204010.0,-2340900.0,-9999
71,2189640.0,-2339310.0,-9999
72,1504200.0,-2117970.0,-9999
73,1517040.0,-2137560.0,-9999
74,2202060.0,-2342250.0,-9999
75,1518720.0,-2142930.0,-9999
76,1498830.0,-2118630.0,-9999
77,2201400.0,-2341350.0,-9999
78,1515660.0,-2133810.0,-9999
79,2233080.0,-2344770.0,-9999
80,2179860.0,-2338590.0,-9999
81,1519260.0,-2132430.0,-9999
82,2181630.0,-2339190.0,-9999
83,1539930.0,-2180130.0,-9999
84,1501740.0,-2123430.0,-9999
85,1496940.0,-2111550.0,-9999
86,2181420.0,-2347800.0,-9999
87,2209110.0,-2338020.0,-9999
88,2212710.0,-2345850.0,-9999
89,1518330.0,-2147730.0,-9999
90,1524660.0,-2158290.0,-9999
91,1513950.0,-2135910.0,-9999
92,1521990.0,-2141670.0,-9999
93,2201070.0,-2341740.0,-9999
94,1512900.0,-2140650.0,-9999
95,2193480.0,-2344170.0,-9999
96,1514070.0,-2133090.0,-9999
97,2206860.0,-2343510.0,-9999
98,2227860.0,-2345040.0,-9999
99,1518090.0,-2145030.0,-9999
100,2131020.0,-2347260.0,-9999
101,2210160.0,-2347530.0,-9999
102,1526610.0,-2159220.0,-9999
103,1997370.0,-2301480.0,12
104,2242980.0,-2348190.0,-9999
105,2242200.0,-2348100.0,-9999
106,2232180.0,-2336100.0,12
107,2223120.0,-2340630.0,-9999
108,2207040.0,-2344110.0,-9999
109,1511280.0,-2138640.0,-9999
110,1522320.0,-2149740.0,-9999
111,2235900.0,-2347680.0,-9999
112,2189250.0,-2346690.0,-9999
113,1504710.0,-2123250.0,-9999
114,2185950.0,-2347200.0,-9999
115,2210070.0,-2348610.0,-9999
116,1524390.0,-2156970.0,-9999
117,1519260.0,-2139570.0,-9999
118,2178450.0,-2341740.0,-9999
119,2172150.0,-2344200.0,-9999
120,1522080.0,-2137950.0,-9999
121,1533810.0,-2169420.0,-9999
122,1504740.0,-2128680.0,-9999
123,2168730.0,-2347140.0,-9999
124,1515870.0,-2132100.0,-9999
125,2229810.0,-2348190.0,-9999
126,2228790.0,-2346660.0,-9999
127,2191470.0,-2347320.0,-9999
128,1499130.0,-2116020.0,-9999
129,2229900.0,-2345430.0,-9999
130,2188350.0,-2342520.0,-9999
131,1520340.0,-2145270.0,-9999
132,1517640.0,-2131290.0,-9999
133,1519830.0,-2131020.0,-9999
134,1516170.0,-2138310.0,-9999
135,1496910.0,-2111940.0,-9999
136,1527930.0,-2158440.0,-9999
137,2211540.0,-2337420.0,-9999
138,1510410.0,-2123250.0,-9999
139,2208840.0,-2336730.0,-9999
140,1508940.0,-2126700.0,-9999
141,1526610.0,-2161620.0,-9999
142,1504740.0,-2124840.0,-9999
143,1498050.0,-2116860.0,-9999
144,2191140.0,-2342430.0,-9999
145,1518840.0,-2136390.0,-9999
146,1518570.0,-2132190.0,-9999
147,2183820.0,-2348040.0,-9999
148,1515090.0,-2125920.0,-9999
149,2209560.0,-2336400.0,-9999
150,2186670.0,-2342670.0,-9999
151,2182560.0,-2345580.0,-9999
152,2221230.0,-2346780.0,-9999
153,2193180.0,-2340570.0,-9999
154,1499520.0,-2115300.0,-9999
155,2200410.0,-2347110.0,-9999
156,1518450.0,-2132940.0,-9999
157,1532640.0,-2168010.0,-9999
158,2110800.0,-2109300.0,12
159,2200230.0,-2348160.0,-9999
160,2199270.0,-2338860.0,-9999
161,1537350.0,-2172420.0,-9999
162,1513170.0,-2125590.0,-9999
163,1521300.0,-2135910.0,-9999
164,2207070.0,-2345460.0,-9999
165,2220300.0,-2346570.0,-9999
166,2211150.0,-2337870.0,-9999
167,2193210.0,-2338380.0,-9999
168,2193900.0,-2340300.0,-9999
169,2188050.0,-2344500.0,-9999
170,1503720.0,-2126370.0,-9999
171,1535970.0,-2169150.0,-9999
172,2209710.0,-2340210.0,-9999
173,2123970.0,-2347710.0,-9999
174,2217570.0,-2348700.0,-9999
175,1516020.0,-2126130.0,-9999
176,2224320.0,-2346960.0,-9999
177,1504440.0,-2115810.0,-9999
178,2195040.0,-2336490.0,-9999
179,2214810.0,-2337960.0,-9999
180,2005020.0,-2303400.0,12
181,2194590.0,-2339550.0,-9999
182,1521960.0,-2149920.0,-9999
183,2192280.0,-2343960.0,-9999
184,2227080.0,-2343300.0,-9999
185,2213970.0,-2341680.0,-9999
186,1508640.0,-2129160.0,-9999
187,1523820.0,-2155980.0,-9999
188,2178630.0,-2344260.0,-9999
189,1501650.0,-2118240.0,-9999
190,2215860.0,-2341830.0,-9999
191,2221050.0,-2344500.0,-9999
192,1510980.0,-2129520.0,-9999
193,1529760.0,-2161350.0,-9999
194,1521690.0,-2145540.0,-9999
195,2220780.0,-2348400.0,-9999
196,2173740.0,-2346480.0,-9999
197,1512390.0,-2138730.0,-9999
198,2218950.0,-2347530.0,-9999
199,1537020.0,-2174610.0,-9999
200,1508430.0,-2127840.0,-9999
201,1964130.0,-2290380.0,-9999
202,1518450.0,-2143920.0,-9999
203,1520430.0,-2135040.0,-9999
204,2215080.0,-2339070.0,-9999
205,1515150.0,-2143530.0,-9999
206,2169600.0,-2348430.0,-9999
207,2191140.0,-2338950.0,-9999
208,2183340.0,-2338650.0,-9999
209,1498410.0,-2116470.0,-9999
210,1525620.0,-2149740.0,-9999
211,2173260.0,-2343090.0,-9999
212,2149440.0,-2341770.0,12
213,2202210.0,-2338680.0,-9999
214,2154600.0,-2337030.0,12
215,2134830.0,-2348070.0,-9999
216,2224470.0,-2343120.0,-9999
217,2172240.0,-2343720.0,-9999
218,1516830.0,-2141280.0,-9999
219,1531020.0,-2161770.0,-9999
220,2188020.0,-2344110.0,-9999
221,2244030.0,-2347110.0,-9999
222,2220360.0,-2341110.0,-9999
223,1508880.0,-2129970.0,-9999
224,2190060.0,-2339250.0,-9999
225,1531080.0,-2163210.0,-9999
226,2208060.0,-2348610.0,-9999
227,2182410.0,-2338590.0,-9999
228,2184930.0,-2340600.0,-9999
229,2177010.0,-2345400.0,-9999
230,2083530.0,-2330730.0,12
231,1522650.0,-2151390.0,-9999
232,2203020.0,-2343450.0,-9999
233,2221050.0,-2344140.0,-9999
234,1535220.0,-2174160.0,-9999
235,2203290.0,-2343240.0,-9999
236,1537440.0,-2177010.0,-9999
237,2215530.0,-2340330.0,-9999
238,1520670.0,-2153250.0,-9999
239,2200560.0,-2346000.0,-9999
240,1513380.0,-2126670.0,-9999
241,2187570.0,-2347890.0,-9999
242,1513260.0,-2128080.0,-9999
243,1537830.0,-2175450.0,-9999
244,2171460.0,-2347170.0,-9999
245,2204280.0,-2338800.0,-9999
246,1512840.0,-2140560.0,-9999
247,2191800.0,-2337120.0,-9999
248,2204820.0,-2346120.0,-9999
249,1497000.0,-2117130.0,-9999
250,1534110.0,-2171790.0,-9999
251,1520790.0,-2136900.0,-9999
252,2152620.0,-2348220.0,-9999
253,1520160.0,-2144430.0,-9999
254,2193600.0,-2347170.0,-9999
255,1509720.0,-2129130.0,-9999
256,1517880.0,-2132580.0,-9999
257,2184090.0,-2345130.0,-9999
258,2202870.0,-2346960.0,-9999
259,2184660.0,-2344230.0,-9999
260,2209440.0,-2344500.0,-9999
261,2211720.0,-2345970.0,-9999
262,1510770.0,-2121510.0,-9999
263,2219340.0,-2345610.0,-9999
264,2209740.0,-2335560.0,-9999
265,2185710.0,-2344710.0,-9999
266,1506060.0,-2125530.0,-9999
267,1503960.0,-2118630.0,-9999
268,2210160.0,-2345850.0,-9999
269,1515210.0,-2125500.0,-9999
270,2206140.0,-2344890.0,-9999
271,2134410.0,-2347950.0,-9999
272,2218320.0,-2342250.0,-9999
273,2226000.0,-2341440.0,-9999
274,1520460.0,-2150730.0,-9999
275,1533780.0,-2172090.0,-9999
276,2164740.0,-2347890.0,-9999
277,2178960.0,-2341740.0,-9999
278,2223570.0,-2340660.0,-9999
279,2187300.0,-2343390.0,-9999
280,1504020.0,-2122800.0,-9999
281,2193660.0,-2340420.0,-9999
282,1515990.0,-2128620.0,-9999
283,2199030.0,-2338080.0,-9999
284,2179410.0,-2344530.0,-9999
285,1522530.0,-2135970.0,-9999
286,1513830.0,-2128260.0,-9999
287,1495650.0,-2111850.0,-9999
288,2204550.0,-2346900.0,-9999
289,1514520.0,-2132430.0,-9999
290,2188920.0,-2337030.0,-9999
291,2198970.0,-2347290.0,-9999
292,2174040.0,-2345370.0,-9999
293,2165700.0,-2347650.0,-9999
294,1519560.0,-2133540.0,-9999
295,2197800.0,-2341680.0,-9999
296,2200890.0,-2338950.0,-9999
297,2022690.0,-2263680.0,12
298,1525410.0,-2154210.0,-9999
299,2222190.0,-2342190.0,-9999
300,2188890.0,-2337120.0,-9999
301,1519260.0,-2139240.0,-9999
302,2214210.0,-2342550.0,-9999
303,1505040.0,-2122710.0,-9999
304,1519110.0,-2143890.0,-9999
305,1499400.0,-2114220.0,-9999
306,1517250.0,-2134650.0,-9999
307,2211840.0,-2347830.0,-9999
308,2218740.0,-2348220.0,-9999
309,2214090.0,-2342730.0,-9999
310,2199810.0,-2346210.0,-9999
311,2177610.0,-2348160.0,-9999
312,2222010.0,-2342700.0,-9999
313,2196450.0,-2341290.0,-9999
314,2177970.0,-2341050.0,-9999
315,1964670.0,-2290560.0,-9999
316,2193150.0,-2341680.0,-9999
317,2212800.0,-2346510.0,-9999
318,2196450.0,-2344230.0,-9999
319,2209380.0,-2340000.0,-9999
320,2213940.0,-2339010.0,-9999
321,2195610.0,-2342280.0,-9999
322,1504290.0,-2128320.0,-9999
323,2199630.0,-2340660.0,-9999
324,2203980.0,-2346150.0,-9999
325,1510530.0,-2134470.0,-9999
326,2224260.0,-2347440.0,-9999
327,2209500.0,-2340090.0,-9999
328,1510800.0,-2129400.0,-9999
329,1532850.0,-2165490.0,-9999
330,2175150.0,-2347020.0,-9999
331,2224740.0,-2346180.0,-9999
332,2175930.0,-2344560.0,-9999
333,2207010.0,-2340060.0,-9999
334,1961850.0,-2289540.0,-9999
335,1522890.0,-2135970.0,-9999
336,2173440.0,-2345610.0,-9999
337,1499700.0,-2121420.0,-9999
338,1505190.0,-2116920.0,-9999
339,2190000.0,-2341980.0,-9999
340,2186610.0,-2341620.0,-9999
341,1523910.0,-2147040.0,-9999
342,2227710.0,-2343000.0,-9999
343,2194410.0,-2342940.0,-9999
344,1501020.0,-2115150.0,-9999
345,2063340.0,-2305440.0,11
346,2206050.0,-2337780.0,-9999
347,1524180.0,-2155830.0,-9999
348,2148660.0,-2348220.0,-9999
349,2195070.0,-2336370.0,-9999
350,1523040.0,-2148870.0,-9999
351,1503300.0,-2126610.0,-9999
352,2201070.0,-2346600.0,-9999
353,1521570.0,-2150850.0,-9999
354,2222940.0,-2347140.0,-9999
355,1522350.0,-2150190.0,-9999
356,1535220.0,-2173770.0,-9999
357,1966440.0,-2292150.0,-9999
358,2191500.0,-2341620.0,-9999
359,2214300.0,-2344290.0,-9999
360,1516050.0,-2136450.0,-9999
361,1506240.0,-2122650.0,-9999
362,2226720.0,-2347950.0,-9999
363,1506090.0,-2119440.0,-9999
364,1531350.0,-2161980.0,-9999
365,1505100.0,-2125740.0,-9999
366,1519200.0,-2148540.0,-9999
367,1518090.0,-2144640.0,-9999
368,2182440.0,-2339850.0,-9999
369,1518270.0,-2130720.0,-9999
370,2194410.0,-2338770.0,-9999
371,1493520.0,-2111610.0,-9999
372,1505010.0,-2122560.0,-9999
373,2191230.0,-2343510.0,-9999
374,2202720.0,-2338080.0,-9999
375,1501020.0,-2117490.0,-9999
376,2221230.0,-2346420.0,-9999
377,2183370.0,-2337450.0,-9999
378,2183490.0,-2341470.0,-9999
379,1506090.0,-2131110.0,-9999
380,2128410.0,-2340030.0,12
381,1517970.0,-2133090.0,-9999
382,2187840.0,-2348310.0,-9999
383,2188020.0,-2344350.0,-9999
384,2194680.0,-2338740.0,-9999
385,1509090.0,-2125590.0,-9999
386,1512450.0,-2121300.0,-9999
387,1503240.0,-2116980.0,-9999
388,1504710.0,-2116530.0,-9999
389,2168010.0,-2345640.0,-9999
390,1501740.0,-2118480.0,-9999
391,2184060.0,-2341560.0,-9999
392,2047560.0,-2302140.0,12
393,1505550.0,-2123190.0,-9999
394,2219760.0,-2341890.0,-9999
395,2242530.0,-2345640.0,-9999
396,2190000.0,-2338980.0,-9999
397,1530510.0,-2163090.0,-9999
398,2196060.0,-2342100.0,-9999
399,1521180.0,-2153100.0,-9999
400,2191620.0,-2345010.0,-9999
401,1509390.0,-2122260.0,-9999
402,1506900.0,-2131470.0,-9999
403,2185290.0,-2347590.0,-9999
404,1535910.0,-2167980.0,-9999
405,1510830.0,-2123160.0,-9999
406,2218560.0,-2345880.0,-9999
407,1530060.0,-2167350.0,-9999
408,1497870.0,-2114760.0,-9999
409,1522770.0,-2149800.0,-9999
410,2164380.0,-2346870.0,-9999
411,1512600.0,-2134980.0,-9999
412,2193600.0,-2338920.0,-9999
413,2182200.0,-2347410.0,-9999
414,2242080.0,-2346300.0,-9999
415,2203410.0,-2338170.0,-9999
416,2192040.0,-2339670.0,-9999
417,1968000.0,-2258430.0,12
418,2196150.0,-2348520.0,-9999
419,1515120.0,-2143530.0,-9999
420,2190840.0,-2336340.0,-9999
421,2181930.0,-2339280.0,-9999
422,1503900.0,-2124360.0,-9999
423,2182800.0,-2337900.0,-9999
424,2198460.0,-2337360.0,-9999
425,2200230.0,-2348580.0,-9999
426,1507770.0,-2133300.0,-9999
427,2230200.0,-2342190.0,-9999
428,2210760.0,-2345970.0,-9999
429,1504020.0,-2124540.0,-9999
430,2242320.0,-2348820.0,-9999
431,1534860.0,-2168400.0,-9999
432,1533060.0,-2169480.0,-9999
433,1959030.0,-2289210.0,-9999
434,2162130.0,-2347560.0,-9999
435,2202840.0,-2342130.0,-9999
436,1497870.0,-2113980.0,-9999
437,1510110.0,-2127750.0,-9999
438,2186820.0,-2337330.0,-9999
439,1510920.0,-2121930.0,-9999
440,2193030.0,-2336100.0,-9999
441,2231100.0,-2346180.0,-9999
442,2059110.0,-2307720.0,12
443,1515690.0,-2129340.0,-9999
444,1507500.0,-2124240.0,-9999
445,1516140.0,-2129610.0,-9999
446,1539870.0,-2181990.0,-9999
447,1518990.0,-2134770.0,-9999
448,1530720.0,-2164290.0,-9999
449,2217180.0,-2340180.0,-9999
450,1503000.0,-2117460.0,-9999
451,2190480.0,-2342010.0,-9999
452,2210610.0,-2338740.0,-9999
453,1497210.0,-2112660.0,-9999
454,2205360.0,-2348160.0,-9999
455,2128500.0,-2323440.0,12
456,1517610.0,-2147850.0,-9999
457,1515990.0,-2129100.0,-9999
458,1513770.0,-2126220.0,-9999
459,2196210.0,-2347140.0,-9999
460,2195460.0,-2336010.0,-9999
461,2135820.0,-2348160.0,-9999
462,1522080.0,-2137500.0,-9999
463,1530750.0,-2161590.0,-9999
464,1536840.0,-2174550.0,-9999
465,1505940.0,-2130180.0,-9999
466,2220150.0,-2346300.0,-9999
467,2441520.0,-2289480.0,12
468,2183730.0,-2341110.0,-9999
469,2230560.0,-2342160.0,-9999
470,1538340.0,-2178900.0,-9999
471,2189160.0,-2337150.0,-9999
472,2216910.0,-2346960.0,-9999
473,2211330.0,-2343810.0,-9999
474,1514970.0,-2143380.0,-9999
475,1497810.0,-2113080.0,-9999
476,1503240.0,-2114670.0,-9999
477,1534890.0,-2174430.0,-9999
478,1525290.0,-2151090.0,-9999
479,2208870.0,-2346570.0,-9999
480,2208720.0,-2346900.0,-9999
481,2202780.0,-2337900.0,-9999
482,2231250.0,-2347470.0,-9999
483,2196780.0,-2335740.0,-9999
484,1524990.0,-2155980.0,-9999
485,2212740.0,-2339310.0,-9999
486,1515150.0,-2134320.0,-9999
487,2166870.0,-2348430.0,-9999
488,2207490.0,-2346660.0,-9999
489,2197020.0,-2347380.0,-9999
490,2226600.0,-2346030.0,-9999
491,1522860.0,-2148270.0,-9999
492,2198880.0,-2346900.0,-9999
493,1535010.0,-2172960.0,-9999
494,2190030.0,-2345250.0,-9999
495,1533900.0,-2167800.0,-9999
496,2133000.0,-2347740.0,-9999
497,1519230.0,-2136180.0,-9999
498,1518810.0,-2150040.0,-9999
499,1509330.0,-2123610.0,-9999
500,2202660.0,-2337750.0,-9999
501,1510260.0,-2126130.0,-9999
502,2188680.0,-2340510.0,-9999
503,1506360.0,-2116170.0,-9999
504,2189460.0,-2347740.0,-9999
505,1520100.0,-2149980.0,-9999
506,2181720.0,-2339310.0,-9999
507,2211270.0,-2343360.0,-9999
508,2240100.0,-2347980.0,-9999
509,2208210.0,-2346600.0,-9999
510,1505010.0,-2129010.0,-9999
511,2186940.0,-2344440.0,-9999
512,1507620.0,-2121240.0,-9999
513,1514910.0,-2127570.0,-9999
514,2086890.0,-2334960.0,12
515,1519830.0,-2145870.0,-9999
516,2165160.0,-2346270.0,-9999
517,2167680.0,-2347740.0,-9999
518,2169300.0,-2345880.0,-9999
519,2190960.0,-2340030.0,-9999
520,2237670.0,-2348220.0,-9999
521,2213670.0,-2343450.0,-9999
522,2193570.0,-2338920.0,-9999
523,1511610.0,-2122530.0,-9999
524,1978140.0,-2295420.0,12
525,1528470.0,-2159100.0,-9999
526,2217330.0,-2338650.0,-9999
527,1521720.0,-2148780.0,-9999
528,1507740.0,-2127570.0,-9999
529,2260470.0,-2333580.0,12
530,2196690.0,-2340390.0,-9999
531,2178840.0,-2344110.0,-9999
532,1520010.0,-2149560.0,-9999
533,2183430.0,-2343570.0,-9999
534,2221470.0,-2348010.0,-9999
535,1525890.0,-2160840.0,-9999
536,1503210.0,-2125200.0,-9999
537,2195940.0,-2339790.0,-9999
538,2205000.0,-2338830.0,-9999
539,2219340.0,-2346810.0,-9999
540,1499970.0,-2114700.0,-9999
541,2178660.0,-2345700.0,-9999
542,2194410.0,-2335170.0,-9999
543,2183910.0,-2340810.0,-9999
544,2240310.0,-2346570.0,-9999
545,1497720.0,-2113680.0,-9999
546,2186040.0,-2342220.0,-9999
547,1507080.0,-2120220.0,-9999
548,2226660.0,-2344770.0,-9999
549,1515300.0,-2127060.0,-9999
550,2209890.0,-2347800.0,-9999
551,1500780.0,-2123310.0,-9999
552,2227320.0,-2348040.0,-9999
553,1508250.0,-2131530.0,-9999
554,1502280.0,-2123940.0,-9999
555,2219160.0,-2338650.0,-9999
556,1522620.0,-2155650.0,-9999
557,2185260.0,-2339640.0,-9999
558,1505010.0,-2117760.0,-9999
559,2194290.0,-2337570.0,-9999
560,2180460.0,-2337240.0,-9999
561,2174790.0,-2348250.0,-9999
562,1505070.0,-2125980.0,-9999
563,1522230.0,-2154600.0,-9999
564,1511220.0,-2131860.0,-9999
565,1514070.0,-2134740.0,-9999
566,2209410.0,-2337540.0,-9999
567,1501590.0,-2123220.0,-9999
568,2183640.0,-2341560.0,-9999
569,1503150.0,-2124570.0,-9999
570,2192100.0,-2339070.0,-9999
571,1525680.0,-2160570.0,-9999
572,2189940.0,-2347620.0,-9999
573,1797750.0,-2273850.0,12
574,2212650.0,-2340540.0,-9999
575,2218650.0,-2348370.0,-9999
576,1507350.0,-2123040.0,-9999
577,1514760.0,-2144250.0,-9999
578,2207100.0,-2337720.0,-9999
579,1522230.0,-2152980.0,-9999
580,1506420.0,-2119560.0,-9999
581,2189490.0,-2337630.0,-9999
582,1528590.0,-2160810.0,-9999
583,2202450.0,-2345820.0,-9999
584,2208900.0,-2343930.0,-9999
585,2179860.0,-2343270.0,-9999
586,2173650.0,-2345970.0,-9999
587,2206770.0,-2347830.0,-9999
588,1522560.0,-2153250.0,-9999
589,2192430.0,-2336220.0,-9999
590,2187480.0,-2343660.0,-9999
591,2208360.0,-2336820.0,-9999
592,1517280.0,-2134950.0,-9999
593,1506690.0,-2124270.0,-9999
594,2213730.0,-2347650.0,-9999
595,1507800.0,-2133540.0,-9999
596,1538160.0,-2178060.0,-9999
597,1513680.0,-2132370.0,-9999
598,1499760.0,-2115450.0,-9999
599,1503420.0,-2127240.0,-9999
600,1503720.0,-2122050.0,-9999
601,2226000.0,-2348820.0,-9999
602,2178630.0,-2343480.0,-9999
603,1502160.0,-2114760.0,-9999
604,2210130.0,-2341170.0,-9999
605,1514340.0,-2122920.0,-9999
606,1498710.0,-2118600.0,-9999
607,2216700.0,-2338650.0,-9999
608,1860750.0,-2046150.0,12
609,1515240.0,-2144130.0,-9999
610,2205180.0,-2347890.0,-9999
611,1502010.0,-2122920.0,-9999
612,2201190.0,-2338800.0,-9999
613,1516230.0,-2144880.0,-9999
614,2129460.0,-2347830.0,-9999
615,2208330.0,-2338230.0,-9999
616,1512720.0,-2130090.0,-9999
617,2201070.0,-2347620.0,-9999
618,2230080.0,-2347200.0,-9999
619,2179740.0,-2342130.0,-9999
620,1512510.0,-2127300.0,-9999
621,1500540.0,-2121180.0,-9999
622,2047650.0,-2300310.0,12
623,2226300.0,-2341920.0,-9999
624,2203620.0,-2346150.0,-9999
625,1520250.0,-2147580.0,-9999
626,1525050.0,-2157900.0,-9999
627,1518870.0,-2147250.0,-9999
628,2194680.0,-2341680.0,-9999
629,1519350.0,-2134200.0,-9999
630,2192520.0,-2348340.0,-9999
631,1541640.0,-2184810.0,-9999
632,2232030.0,-2344980.0,-9999
633,2226090.0,-2341410.0,-9999
634,2167440.0,-2346870.0,-9999
635,1527600.0,-2158560.0,-9999
636,2180670.0,-2346840.0,-9999
637,1497780.0,-2116830.0,-9999
638,2190630.0,-2345130.0,-9999
639,1524990.0,-2149170.0,-9999
640,1501800.0,-2115060.0,-9999
641,2230890.0,-2345430.0,-9999
642,2233050.0,-2344500.0,-9999
643,2194800.0,-2343930.0,-9999
644,2201550.0,-2336970.0,-9999
645,1509510.0,-2136300.0,-9999
646,1519590.0,-2137200.0,-9999
647,2235600.0,-2347140.0,-9999
648,2188590.0,-2340690.0,-9999
649,1517100.0,-2128110.0,-9999
650,1514400.0,-2126190.0,-9999
651,1539930.0,-2180940.0,-9999
652,1509960.0,-2124120.0,-9999
653,1501620.0,-2117460.0,-9999
654,2196870.0,-2346030.0,-9999
655,2224980.0,-2340360.0,-9999
656,1522920.0,-2154750.0,-9999
657,1506870.0,-2122050.0,-9999
658,2176410.0,-2342010.0,-9999
659,2205300.0,-2348160.0,-9999
660,1515240.0,-2144040.0,-9999
661,2190240.0,-2339160.0,-9999
662,2186220.0,-2337300.0,-9999
663,1535730.0,-2174610.0,-9999
664,1517310.0,-2143710.0,-9999
665,2226810.0,-2343180.0,-9999
666,2218410.0,-2342310.0,-9999
667,1510200.0,-2130660.0,-9999
668,2173950.0,-2345280.0,-9999
669,2185710.0,-2347650.0,-9999
670,1509390.0,-2126190.0,-9999
671,1536870.0,-2176620.0,-9999
672,1517130.0,-2129280.0,-9999
673,2218080.0,-2342220.0,-9999
674,2188500.0,-2344110.0,-9999
675,1519230.0,-2148540.0,-9999
676,1523490.0,-2157510.0,-9999
677,1521600.0,-2139960.0,-9999
678,1522230.0,-2154570.0,-9999
679,2182920.0,-2343780.0,-9999
680,2181840.0,-2339130.0,-9999
681,2209200.0,-2347950.0,-9999
682,2210670.0,-2347950.0,-9999
683,2185680.0,-2342100.0,-9999
684,2201160.0,-2342550.0,-9999
685,1528290.0,-2159130.0,-9999
686,1517160.0,-2144790.0,-9999
687,2034720.0,-2308200.0,12
688,1962810.0,-2290740.0,-9999
689,2096460.0,-2321490.0,12
690,1522020.0,-2148360.0,-9999
691,1515780.0,-2138160.0,-9999
692,1530690.0,-2164260.0,-9999
693,1511580.0,-2130840.0,-9999
694,1530480.0,-2167260.0,-9999
695,2198670.0,-2337300.0,-9999
696,2242530.0,-2348610.0,-9999
697,1523490.0,-2153760.0,-9999
698,2182770.0,-2346270.0,-9999
699,2194440.0,-2347290.0,-9999
700,2195130.0,-2341530.0,-9999
701,1518420.0,-2130600.0,-9999
702,2210310.0,-2344140.0,-9999
703,2197530.0,-2339460.0,-9999
704,2213880.0,-2342940.0,-9999
705,1514190.0,-2128980.0,-9999
706,2210340.0,-2344950.0,-9999
707,2182260.0,-2346030.0,-9999
708,2039790.0,-2309520.0,12
709,1515570.0,-2126430.0,-9999
710,1510800.0,-2124720.0,-9999
711,2244510.0,-2339700.0,12
712,1513440.0,-2126610.0,-9999
713,2170740.0,-2346330.0,-9999
714,2215410.0,-2338080.0,-9999
715,2194620.0,-2339820.0,-9999
716,2174160.0,-2342850.0,-9999
717,2181810.0,-2339760.0,-9999
718,2213490.0,-2340570.0,-9999
719,2181000.0,-2348040.0,-9999
720,1538550.0,-2179800.0,-9999
721,2238900.0,-2347860.0,-9999
722,2202690.0,-2342160.0,-9999
723,1515270.0,-2138400.0,-9999
724,1513650.0,-2142420.0,-9999
725,2206020.0,-2347590.0,-9999
726,2197200.0,-2347320.0,-9999
727,1511010.0,-2133210.0,-9999
728,1503150.0,-2123520.0,-9999
729,1502040.0,-2113770.0,-9999
730,2192880.0,-2336490.0,-9999
731,1515120.0,-2130930.0,-9999
732,2190240.0,-2345580.0,-9999
733,1521330.0,-2144010.0,-9999
734,1511310.0,-2130630.0,-9999
735,1528350.0,-2159940.0,-9999
736,2221980.0,-2348610.0,-9999
737,2229690.0,-2345490.0,-9999
738,2158200.0,-2348130.0,-9999
739,2230590.0,-2345280.0,-9999
740,1519890.0,-2138340.0,-9999
741,2244210.0,-2348250.0,-9999
742,2181990.0,-2339460.0,-9999
743,1502040.0,-2121750.0,-9999
744,1533540.0,-2170530.0,-9999
745,2183610.0,-2346900.0,-9999
746,2195850.0,-2345400.0,-9999
747,2167740.0,-2345610.0,-9999
748,2184030.0,-2346180.0,-9999
749,1524690.0,-2158680.0,-9999
750,2175990.0,-2344800.0,-9999
751,1506870.0,-2124480.0,-9999
752,2036070.0,-2296020.0,12
753,1535730.0,-2170140.0,-9999
754,2209320.0,-2344710.0,-9999
755,2207580.0,-2341170.0,-9999
756,1515390.0,-2145210.0,-9999
757,2212950.0,-2340810.0,-9999
758,1495440.0,-2111010.0,-9999
759,2218590.0,-2339340.0,-9999
760,1497990.0,-2115390.0,-9999
761,2054880.0,-2292300.0,11
762,1518870.0,-2138880.0,-9999
763,2194800.0,-2336790.0,-9999
764,1524060.0,-2155890.0,-9999
765,2190510.0,-2341290.0,-9999
766,2207940.0,-2339100.0,-9999
767,2209050.0,-2336460.0,-9999
768,2234130.0,-2345430.0,-9999
769,1522320.0,-2147580.0,-9999
770,2243730.0,-2345910.0,-9999
771,2229150.0,-2346660.0,-9999
772,2222430.0,-2339790.0,-9999
773,2196540.0,-2340750.0,-9999
774,1505190.0,-2120460.0,-9999
775,2040960.0,-2319030.0,-9999
776,1518330.0,-2128320.0,-9999
777,2190540.0,-2337630.0,-9999
778,1514310.0,-2126910.0,-9999
779,1525710.0,-2151810.0,-9999
780,2179560.0,-2344170.0,-9999
781,2189700.0,-2341380.0,-9999
782,1511190.0,-2125410.0,-9999
783,1530330.0,-2161320.0,-9999
784,1513980.0,-2141880.0,-9999
785,2237760.0,-2339370.0,12
786,2210040.0,-2346300.0,-9999
787,1509690.0,-2133780.0,-9999
788,1518210.0,-2138250.0,-9999
789,1962060.0,-2290680.0,-9999
790,1514490.0,-2132340.0,-9999
791,2218830.0,-2339160.0,-9999
792,2213490.0,-2346420.0,-9999
793,2197530.0,-2341590.0,-9999
794,2185080.0,-2346180.0,-9999
795,2226060.0,-2344830.0,-9999
796,2181570.0,-2342850.0,-9999
797,2240760.0,-2347440.0,-9999
798,1520250.0,-2139540.0,-9999
799,1537530.0,-2174550.0,-9999
800,1530540.0,-2162220.0,-9999
801,1502460.0,-2120790.0,-9999
802,2186940.0,-2342460.0,-9999
803,2178600.0,-2345520.0,-9999
804,2196360.0,-2339700.0,-9999
805,1529730.0,-2163840.0,-9999
806,2189310.0,-2346150.0,-9999
807,2188020.0,-2337870.0,-9999
808,2238630.0,-2346750.0,-9999
809,1500270.0,-2115930.0,-9999
810,1516800.0,-2140230.0,-9999
811,2228250.0,-2342730.0,-9999
812,2207370.0,-2347860.0,-9999
813,2217300.0,-2344950.0,-9999
814,1516830.0,-2139450.0,-9999
815,2213610.0,-2342220.0,-9999
816,1517100.0,-2128620.0,-9999
817,1511220.0,-2124540.0,-9999
818,2194860.0,-2338830.0,-9999
819,1527990.0,-2158830.0,-9999
820,1533060.0,-2170530.0,-9999
821,2193480.0,-2341620.0,-9999
822,2203710.0,-2336730.0,-9999
823,1498680.0,-2112240.0,-9999
824,1533660.0,-2169450.0,-9999
825,1528890.0,-2160780.0,-9999
826,1516050.0,-2132190.0,-9999
827,2232600.0,-2348370.0,-9999
828,1522470.0,-2132670.0,-9999
829,1521630.0,-2137170.0,-9999
830,2210160.0,-2340960.0,-9999
831,2197950.0,-2339400.0,-9999
832,1513380.0,-2137710.0,-9999
833,1508280.0,-2123490.0,-9999
834,2233530.0,-2345970.0,-9999
835,1508040.0,-2131980.0,-9999
836,1503930.0,-2127330.0,-9999
837,2175840.0,-2345670.0,-9999
838,2128680.0,-2347950.0,-9999
839,1503300.0,-2124150.0,-9999
840,1514940.0,-2136720.0,-9999
841,1523640.0,-2150790.0,-9999
842,2233830.0,-2345070.0,-9999
843,2179530.0,-2340570.0,-9999
844,1961070.0,-2289930.0,-9999
845,1522830.0,-2148870.0,-9999
846,2189700.0,-2343240.0,-9999
847,2194470.0,-2336790.0,-9999
848,2220150.0,-2344500.0,-9999
849,1512360.0,-2140530.0,-9999
850,1525530.0,-2151540.0,-9999
851,1510260.0,-2126040.0,-9999
852,2188590.0,-2337960.0,-9999
853,2191290.0,-2343030.0,-9999
854,1516170.0,-2135040.0,-9999
855,2198340.0,-2341860.0,-9999
856,2193750.0,-2337120.0,-9999
857,2215710.0,-2338440.0,-9999
858,1499430.0,-2117460.0,-9999
859,1508550.0,-2125230.0,-9999
860,2225970.0,-2347470.0,-9999
861,1517910.0,-2147520.0,-9999
862,2217150.0,-2345490.0,-9999
863,2184360.0,-2341350.0,-9999
864,2211420.0,-2336130.0,-9999
865,2202060.0,-2344110.0,-9999
866,1511250.0,-2124930.0,-9999
867,2177100.0,-2347920.0,-9999
868,2173650.0,-2342610.0,-9999
869,1510020.0,-2128560.0,-9999
870,1511700.0,-2127210.0,-9999
871,2199510.0,-2339160.0,-9999
872,2228520.0,-2345430.0,-9999
873,1515810.0,-2129730.0,-9999
874,2169900.0,-2347170.0,-9999
875,1500840.0,-2112360.0,-9999
876,1519710.0,-2149920.0,-9999
877,2210820.0,-2341800.0,-9999
878,2239560.0,-2348760.0,-9999
879,2216730.0,-2339280.0,-9999
880,2230380.0,-2342490.0,-9999
881,1499610.0,-2114430.0,-9999
882,1520370.0,-2138310.0,-9999
883,1510590.0,-2136450.0,-9999
884,1508850.0,-2120490.0,-9999
885,2194890.0,-2342310.0,-9999
886,1505700.0,-2130630.0,-9999
887,2228250.0,-2346510.0,-9999
888,1497870.0,-2113290.0,-9999
889,1961040.0,-2289090.0,-9999
890,2169930.0,-2345370.0,-9999
891,1498470.0,-2116020.0,-9999
892,1519590.0,-2136600.0,-9999
893,1533960.0,-2167380.0,-9999
894,1525590.0,-2157090.0,-9999
895,1511310.0,-2133720.0,-9999
896,1524330.0,-2151750.0,-9999
897,2193090.0,-2341830.0,-9999
898,2195610.0,-2343240.0,-9999
899,2192640.0,-2341530.0,-9999
900,1522950.0,-2147910.0,-9999
901,1499880.0,-2113800.0,-9999
902,1500360.0,-2116980.0,-9999
903,2182140.0,-2340420.0,-9999
904,2173620.0,-2346000.0,-9999
905,1532310.0,-2169150.0,-9999
906,2125800.0,-2348070.0,-9999
907,2190900.0,-2346780.0,-9999
908,2206080.0,-2342190.0,-9999
909,1511700.0,-2136150.0,-9999
910,2209080.0,-2337840.0,-9999
911,1504680.0,-2127150.0,-9999
912,1496910.0,-2112630.0,-9999
913,1535610.0,-2168220.0,-9999
914,2208390.0,-2345520.0,-9999
915,1501500.0,-2114310.0,-9999
916,1519710.0,-2131080.0,-9999
917,1507170.0,-2132190.0,-9999
918,2220060.0,-2346300.0,-9999
919,2222310.0,-2341260.0,-9999
920,2206680.0,-2336400.0,-9999
921,1537230.0,-2174550.0,-9999
922,2203800.0,-2346150.0,-9999
923,1499190.0,-2111400.0,-9999
924,2188830.0,-2347950.0,-9999
925,2216250.0,-2341140.0,-9999
926,2185920.0,-2343330.0,-9999
927,2165100.0,-2335200.0,12
928,1522650.0,-2149290.0,-9999
929,2210010.0,-2339700.0,-9999
930,1525800.0,-2155020.0,-9999
931,1517370.0,-2128080.0,-9999
932,2199030.0,-2341050.0,-9999
933,2205390.0,-2339490.0,-9999
934,1517730.0,-2128290.0,-9999
935,1512990.0,-2125830.0,-9999
936,2114790.0,-2343480.0,12
937,2183340.0,-2347140.0,-9999
938,2209950.0,-2343450.0,-9999
939,2183130.0,-2347590.0,-9999
940,2223090.0,-2347350.0,-9999
941,2182950.0,-2346450.0,-9999
942,1507980.0,-2124150.0,-9999
943,1502820.0,-2125110.0,-9999
944,2175630.0,-2347380.0,-9999
945,1506510.0,-2126220.0,-9999
946,2186610.0,-2342730.0,-9999
947,2201160.0,-2340750.0,-9999
948,1529070.0,-2161980.0,-9999
949,1518270.0,-2142630.0,-9999
950,1495620.0,-2111760.0,-9999
951,2223240.0,-2344470.0,-9999
952,1509480.0,-2135010.0,-9999
953,1510530.0,-2129070.0,-9999
954,2223060.0,-2344650.0,-9999
955,1499520.0,-2112330.0,-9999
956,2197530.0,-2347200.0,-9999
957,2194380.0,-2346480.0,-9999
958,2162160.0,-2347620.0,-9999
959,1504860.0,-2122320.0,-9999
960,2206260.0,-2342400.0,-9999
961,1509030.0,-2127330.0,-9999
962,1527210.0,-2160810.0,-9999
963,1518930.0,-2135670.0,-9999
964,1517610.0,-2135790.0,-9999
965,2174070.0,-2345340.0,-9999
966,1514790.0,-2130240.0,-9999
967,2224800.0,-2342220.0,-9999
968,1525950.0,-2156760.0,-9999
969,1514250.0,-2134620.0,-9999
970,2188020.0,-2340420.0,-9999
971,1503270.0,-2125080.0,-9999
972,2092440.0,-2332290.0,12
973,2188350.0,-2338200.0,-9999
974,2183460.0,-2343360.0,-9999
975,2192190.0,-2338890.0,-9999
976,2217120.0,-2345550.0,-9999
977,2069430.0,-2314650.0,12
978,1538070.0,-2178330.0,-9999
979,1524990.0,-2158080.0,-9999
980,2230830.0,-2345160.0,-9999
981,2200230.0,-2337780.0,-9999
982,2199360.0,-2337060.0,-9999
983,2199060.0,-2344620.0,-9999
984,1523190.0,-2151510.0,-9999
985,1506960.0,-2129550.0,-9999
986,2240280.0,-2346270.0,-9999
987,2187720.0,-2344110.0,-9999
988,2222160.0,-2347470.0,-9999
989,2206950.0,-2344110.0,-9999
990,2178330.0,-2347200.0,-9999
991,1524870.0,-2158800.0,-9999
992,1523640.0,-2149230.0,-9999
993,2228250.0,-2345340.0,-9999
994,2188680.0,-2341800.0,-9999
995,2190030.0,-2346990.0,-9999
996,2239890.0,-2348460.0,-9999
997,1524390.0,-2155830.0,-9999
998,1508820.0,-2125710.0,-9999
999,2203110.0,-2340510.0,-9999
1000,2245470.0,-2348760.0,-9999
1001,2195100.0,-2336460.0,-9999
1002,2209980.0,-2338560.0,-9999
1003,2197350.0,-2343960.0,-9999
1004,1964940.0,-2291340.0,-9999
1005,1493400.0,-2110500.0,-9999
1006,1916520.0,-2062020.0,12
1007,2193480.0,-2337120.0,-9999
1008,2210040.0,-2346810.0,-9999
1009,2201100.0,-2336760.0,-9999
1010,2178750.0,-2341650.0,-9999
1011,2209140.0,-2336880.0,-9999
1012,1527690.0,-2159160.0,-9999
1013,2232120.0,-2348130.0,-9999
1014,2220150.0,-2343030.0,-9999
1015,2193780.0,-2348430.0,-9999
1016,1516440.0,-2144220.0,-9999
1017,2175600.0,-2346840.0,-9999
1018,2212890.0,-2339880.0,-9999
1019,2194080.0,-2337090.0,-9999
1020,1517550.0,-2140140.0,-9999
1021,2158590.0,-2312160.0,12
1022,1504920.0,-2129040.0,-9999
1023,2221320.0,-2347890.0,-9999
1024,2182590.0,-2342700.0,-9999
1025,2183790.0,-2337960.0,-9999
1026,2193420.0,-2346600.0,-9999
1027,2196900.0,-2338380.0,-9999
1028,2188800.0,-2347260.0,-9999
1029,2182770.0,-2346360.0,-9999
1030,1522950.0,-2148510.0,-9999
1031,1533870.0,-2172810.0,-9999
1032,2180610.0,-2340030.0,-9999
1033,1521510.0,-2154120.0,-9999
1034,2188470.0,-2346030.0,-9999
1035,2212740.0,-2344950.0,-9999
1036,1517910.0,-2132970.0,-9999
1037,1505520.0,-2123760.0,-9999
1038,1524090.0,-2157630.0,-9999
1039,2190930.0,-2336520.0,-9999
1040,1511550.0,-2129730.0,-9999
1041,2056890.0,-2308590.0,12
1042,1516440.0,-2134800.0,-9999
1043,2222220.0,-2346870.0,-9999
1044,2208300.0,-2334840.0,-9999
1045,1524570.0,-2151720.0,-9999
1046,2166930.0,-2348400.0,-9999
1047,1496880.0,-2112210.0,-9999
1048,1507950.0,-2131590.0,-9999
1049,2189910.0,-2346780.0,-9999
1050,1519020.0,-2148420.0,-9999
1051,1521840.0,-2142720.0,-9999
1052,2231430.0,-2347230.0,-9999
1053,1504740.0,-2125170.0,-9999
1054,2225220.0,-2340690.0,-9999
1055,2201670.0,-2341140.0,-9999
1056,1506870.0,-2122080.0,-9999
1057,2206110.0,-2338410.0,-9999
1058,1518930.0,-2131920.0,-9999
1059,2200230.0,-2348460.0,-9999
1060,1502340.0,-2114910.0,-9999
1061,2197860.0,-2348580.0,-9999
1062,2221680.0,-2340090.0,-9999
1063,2224050.0,-2346360.0,-9999
1064,1499880.0,-2116500.0,-9999
1065,1518240.0,-2128500.0,-9999
1066,2212230.0,-2339820.0,-9999
1067,1517730.0,-2133660.0,-9999
1068,1513830.0,-2129820.0,-9999
1069,1525230.0,-2157420.0,-9999
1070,1522050.0,-2133480.0,-9999
1071,1535970.0,-2175630.0,-9999
1072,2244630.0,-2346390.0,-9999
1073,2203620.0,-2345370.0,-9999
1074,1508310.0,-2124120.0,-9999
1075,2197830.0,-2337270.0,-9999
1076,2200680.0,-2336220.0,-9999
1077,2171520.0,-2346000.0,-9999
1078,1531440.0,-2168760.0,-9999
1079,2175690.0,-2342580.0,-9999
1080,2178270.0,-2340420.0,-9999
1081,1510230.0,-2131500.0,-9999
1082,1513140.0,-2130630.0,-9999
1083,1501860.0,-2120730.0,-9999
1084,1521420.0,-2143590.0,-9999
1085,2219280.0,-2342910.0,-9999
1086,2186880.0,-2346690.0,-9999
1087,2207220.0,-2340330.0,-9999
1088,1529580.0,-2163060.0,-9999
1089,1515660.0,-2132250.0,-9999
1090,1531770.0,-2169840.0,-9999
1091,2050350.0,-2299080.0,12
1092,2181150.0,-2346450.0,-9999
1093,2180010.0,-2341290.0,-9999
1094,2219310.0,-2346390.0,-9999
1095,2179410.0,-2342160.0,-9999
1096,1514070.0,-2133840.0,-9999
1097,2195070.0,-2335290.0,-9999
1098,1515630.0,-2143020.0,-9999
1099,1516020.0,-2132130.0,-9999
1100,2185050.0,-2341950.0,-9999
1101,2216220.0,-2341050.0,-9999
1102,2191590.0,-2343030.0,-9999
1103,2191530.0,-2347680.0,-9999
1104,1529940.0,-2162760.0,-9999
1105,1506030.0,-2129910.0,-9999
1106,2240820.0,-2347290.0,-9999
1107,2200830.0,-2342070.0,-9999
1108,2197800.0,-2340180.0,-9999
1109,1502760.0,-2117820.0,-9999
1110,1525410.0,-2149830.0,-9999
1111,2205960.0,-2348310.0,-9999
1112,1520430.0,-2132280.0,-9999
1113,1514280.0,-2133870.0,-9999
1114,1517070.0,-2137650.0,-9999
1115,2237100.0,-2346810.0,-9999
1116,2202690.0,-2344530.0,-9999
1117,2229780.0,-2343210.0,-9999
1118,2225430.0,-2342220.0,-9999
1119,2202330.0,-2336100.0,-9999
1120,1962300.0,-2289870.0,-9999
1121,1525020.0,-2156460.0,-9999
1122,2088900.0,-2336550.0,12
1123,1521180.0,-2143470.0,-9999
1124,2171160.0,-2335860.0,12
1125,2230770.0,-2344230.0,-9999
1126,1519890.0,-2136600.0,-9999
1127,1510650.0,-2136600.0,-9999
1128,1520460.0,-2146980.0,-9999
1129,1523340.0,-2150160.0,-9999
1130,1506000.0,-2126190.0,-9999
1131,2189580.0,-2346030.0,-9999
1132,2216640.0,-2342910.0,-9999
1133,2190330.0,-2343180.0,-9999
1134,2168640.0,-2346870.0,-9999
1135,2185200.0,-2345790.0,-9999
1136,2194650.0,-2338530.0,-9999
1137,2164440.0,-2348130.0,-9999
1138,2208510.0,-2347170.0,-9999
1139,1530990.0,-2161080.0,-9999
1140,1522140.0,-2148450.0,-9999
1141,2172810.0,-2344260.0,-9999
1142,2168550.0,-2347380.0,-9999
1143,2184600.0,-2339550.0,-9999
1144,2212440.0,-2340660.0,-9999
1145,1522560.0,-2145990.0,-9999
1146,2191410.0,-2343000.0,-9999
1147,2055840.0,-2311410.0,12
1148,1507830.0,-2118660.0,-9999
1149,2228640.0,-2343450.0,-9999
1150,1524960.0,-2150070.0,-9999
1151,1509030.0,-2122110.0,-9999
1152,2181630.0,-2337720.0,-9999
1153,2179020.0,-2348460.0,-9999
1154,1515480.0,-2129640.0,-9999
1155,2192340.0,-2347590.0,-9999
1156,1503150.0,-2126010.0,-9999
1157,2171070.0,-2335860.0,12
1158,2181780.0,-2338980.0,-9999
1159,1494240.0,-2112360.0,-9999
1160,2238180.0,-2347020.0,-9999
1161,2207610.0,-2335650.0,-9999
1162,2218890.0,-2348010.0,-9999
1163,2183040.0,-2343210.0,-9999
1164,1514220.0,-2123340.0,-9999
1165,2224170.0,-2344230.0,-9999
1166,2201220.0,-2342790.0,-9999
1167,1506120.0,-2125410.0,-9999
1168,1510410.0,-2132310.0,-9999
1169,2126940.0,-2347830.0,-9999
1170,1495260.0,-2111100.0,-9999
1171,2199780.0,-2345730.0,-9999
1172,1498620.0,-2119320.0,-9999
1173,2221530.0,-2343450.0,-9999
1174,2180580.0,-2337300.0,-9999
1175,2181870.0,-2338260.0,-9999
1176,1528680.0,-2160270.0,-9999
1177,2179290.0,-2343030.0,-9999
1178,2213520.0,-2343390.0,-9999
1179,2178750.0,-2340990.0,-9999
1180,1523190.0,-2145660.0,-9999
1181,2227290.0,-2343330.0,-9999
1182,2219460.0,-2343750.0,-9999
1183,2228700.0,-2342460.0,-9999
1184,2235240.0,-2347050.0,-9999
1185,1528140.0,-2161050.0,-9999
1186,2200740.0,-2338170.0,-9999
1187,2173200.0,-2348490.0,-9999
1188,1539660.0,-2179620.0,-9999
1189,1514430.0,-2136300.0,-9999
1190,2064900.0,-2326440.0,12
1191,2176680.0,-2342940.0,-9999
1192,2200320.0,-2347110.0,-9999
1193,1534590.0,-2167440.0,-9999
1194,2180730.0,-2342910.0,-9999
1195,2187180.0,-2342760.0,-9999
1196,1494870.0,-2113380.0,-9999
1197,2191830.0,-2335830.0,-9999
1198,2214990.0,-2348100.0,-9999
1199,1529070.0,-2159970.0,-9999
1200,1507260.0,-2125200.0,-9999
1201,1524570.0,-2155800.0,-9999
1202,1509630.0,-2135940.0,-9999
1203,2190270.0,-2342280.0,-9999
1204,1510110.0,-2123460.0,-9999
1205,2209320.0,-2348280.0,-9999
1206,2223150.0,-2339730.0,-9999
1207,1511850.0,-2133240.0,-9999
1208,2217270.0,-2346420.0,-9999
1209,1519350.0,-2138250.0,-9999
1210,1536720.0,-2173860.0,-9999
1211,2169330.0,-2347950.0,-9999
1212,2226150.0,-2345730.0,-9999
1213,1503090.0,-2120250.0,-9999
1214,1524390.0,-2150610.0,-9999
1215,2190960.0,-2338650.0,-9999
1216,2185590.0,-2337510.0,-9999
1217,1499070.0,-2119980.0,-9999
1218,2193000.0,-2339130.0,-9999
1219,2324700.0,-2306670.0,12
1220,2194950.0,-2337630.0,-9999
1221,1511250.0,-2122890.0,-9999
1222,2184780.0,-2338200.0,-9999
1223,2197230.0,-2337270.0,-9999
1224,1519350.0,-2148180.0,-9999
1225,1504470.0,-2128230.0,-9999
1226,2230290.0,-2347170.0,-9999
1227,2191140.0,-2341590.0,-9999
1228,2216400.0,-2344800.0,-9999
1229,2210970.0,-2346480.0,-9999
1230,1500750.0,-2119380.0,-9999
1231,2185170.0,-2337480.0,-9999
1232,2210580.0,-2345670.0,-9999
1233,2225850.0,-2346120.0,-9999
1234,2200500.0,-2346330.0,-9999
1235,2202300.0,-2341740.0,-9999
1236,2222520.0,-2344140.0,-9999
1237,1540320.0,-2179620.0,-9999
1238,1498920.0,-2111580.0,-9999
1239,1528530.0,-2162550.0,-9999
1240,2184720.0,-2339490.0,-9999
1241,2181060.0,-2339010.0,-9999
1242,2224200.0,-2348790.0,-9999
1243,2184840.0,-2341650.0,-9999
1244,1533660.0,-2169600.0,-9999
1245,2051400.0,-2305740.0,12
1246,1522800.0,-2155980.0,-9999
1247,2211720.0,-2336400.0,-9999
1248,2176080.0,-2342970.0,-9999
1249,2197200.0,-2339010.0,-9999
1250,2183520.0,-2347200.0,-9999
1251,1537020.0,-2174220.0,-9999
1252,1515870.0,-2132640.0,-9999
1253,2213790.0,-2340660.0,-9999
1254,1495440.0,-2110950.0,-9999
1255,2192580.0,-2338560.0,-9999
1256,1536930.0,-2172480.0,-9999
1257,2157810.0,-2326680.0,12
1258,1513680.0,-2134020.0,-9999
1259,1527030.0,-2161740.0,-9999
1260,1525860.0,-2159940.0,-9999
1261,2176620.0,-2345880.0,-9999
1262,2179860.0,-2340300.0,-9999
1263,2181120.0,-2341710.0,-9999
1264,2186820.0,-2340060.0,-9999
1265,2189490.0,-2341890.0,-9999
1266,1502370.0,-2125740.0,-9999
1267,2205330.0,-2345790.0,-9999
1268,2201070.0,-2344500.0,-9999
1269,2178150.0,-2341650.0,-9999
1270,1499280.0,-2117670.0,-9999
1271,2190270.0,-2345370.0,-9999
1272,2173560.0,-2348190.0,-9999
1273,1533480.0,-2170770.0,-9999
1274,2204940.0,-2344800.0,-9999
1275,2212590.0,-2346660.0,-9999
1276,2200590.0,-2339280.0,-9999
1277,2183130.0,-2343930.0,-9999
1278,2223540.0,-2344260.0,-9999
1279,2231340.0,-2342940.0,-9999
1280,2164170.0,-2348250.0,-9999
1281,2096400.0,-2339070.0,12
1282,2183910.0,-2347860.0,-9999
1283,1502340.0,-2123190.0,-9999
1284,2184840.0,-2345220.0,-9999
1285,2202600.0,-2347200.0,-9999
1286,2211030.0,-2341860.0,-9999
1287,2215170.0,-2343930.0,-9999
1288,2188470.0,-2345940.0,-9999
1289,1514190.0,-2122890.0,-9999
1290,1508640.0,-2132820.0,-9999
1291,2135400.0,-2347860.0,-9999
1292,2171130.0,-2346300.0,-9999
1293,1516140.0,-2145300.0,-9999
1294,2232480.0,-2345190.0,-9999
1295,1506480.0,-2126250.0,-9999
1296,1514490.0,-2136480.0,-9999
1297,2189370.0,-2348100.0,-9999
1298,1519290.0,-2138130.0,-9999
1299,2194800.0,-2348190.0,-9999
1300,1509450.0,-2126550.0,-9999
1301,2214000.0,-2339010.0,-9999
1302,2175120.0,-2347680.0,-9999
1303,2193480.0,-2336160.0,-9999
1304,2218050.0,-2347470.0,-9999
1305,2194860.0,-2342430.0,-9999
1306,2242080.0,-2348250.0,-9999
1307,1523490.0,-2151000.0,-9999
1308,1514130.0,-2131200.0,-9999
1309,2136390.0,-2347770.0,-9999
1310,1520250.0,-2149860.0,-9999
1311,1521960.0,-2141970.0,-9999
1312,2190750.0,-2340990.0,-9999
1313,1507530.0,-2120970.0,-9999
1314,2192100.0,-2343330.0,-9999
1315,1523310.0,-2150310.0,-9999
1316,1511670.0,-2127570.0,-9999
1317,1509510.0,-2125920.0,-9999
1318,2193750.0,-2341560.0,-9999
1319,2207640.0,-2344110.0,-9999
1320,2190090.0,-2338860.0,-9999
1321,1512540.0,-2133900.0,-9999
1322,2188830.0,-2338470.0,-9999
1323,1496460.0,-2111190.0,-9999
1324,2194530.0,-2336100.0,-9999
1325,2218620.0,-2345790.0,-9999
1326,1510230.0,-2120190.0,-9999
1327,2195250.0,-2336310.0,-9999
1328,1520700.0,-2146140.0,-9999
1329,1510080.0,-2127000.0,-9999
1330,1521090.0,-2151480.0,-9999
1331,2204790.0,-2342430.0,-9999
1332,2217270.0,-2344140.0,-9999
1333,1503750.0,-2126940.0,-9999
1334,2195490.0,-2336640.0,-9999
1335,1521660.0,-2154660.0,-9999
1336,2207430.0,-2346960.0,-9999
1337,1520250.0,-2139000.0,-9999
1338,2186100.0,-2344290.0,-9999
1339,1515930.0,-2143350.0,-9999
1340,1521960.0,-2153940.0,-9999
1341,1534980.0,-2167380.0,-9999
1342,1524840.0,-2148150.0,-9999
1343,2226000.0,-2348790.0,-9999
1344,2185590.0,-2346600.0,-9999
1345,2209740.0,-2343600.0,-9999
1346,1521270.0,-2148780.0,-9999
1347,1505940.0,-2124780.0,-9999
1348,1519530.0,-2139720.0,-9999
1349,2230350.0,-2342340.0,-9999
1350,1510140.0,-2132730.0,-9999
1351,2227830.0,-2345490.0,-9999
1352,2172360.0,-2347620.0,-9999
1353,1510950.0,-2128410.0,-9999
1354,1504020.0,-2118120.0,-9999
1355,1517430.0,-2126910.0,-9999
1356,1512630.0,-2129670.0,-9999
1357,2207940.0,-2339130.0,-9999
1358,1516080.0,-2142330.0,-9999
1359,1496850.0,-2114520.0,-9999
1360,2187180.0,-2339700.0,-9999
1361,2236920.0,-2347710.0,-9999
1362,2226540.0,-2341770.0,-9999
1363,1521720.0,-2133300.0,-9999
1364,1524870.0,-2159250.0,-9999
1365,1510140.0,-2131950.0,-9999
1366,2132040.0,-2347350.0,-9999
1367,2178690.0,-2347440.0,-9999
1368,2193960.0,-2342970.0,-9999
1369,2201850.0,-2339520.0,-9999
1370,1520910.0,-2130900.0,-9999
1371,2211870.0,-2337750.0,-9999
1372,2196480.0,-2339790.0,-9999
1373,2202600.0,-2348490.0,-9999
1374,1531320.0,-2166420.0,-9999
1375,1499910.0,-2115990.0,-9999
1376,2221020.0,-2343000.0,-9999
1377,2200980.0,-2347860.0,-9999
1378,1529010.0,-2160150.0,-9999
1379,2165550.0,-2346540.0,-9999
1380,2203950.0,-2344350.0,-9999
1381,1502910.0,-2123760.0,-9999
1382,1507920.0,-2126400.0,-9999
1383,2207910.0,-2344110.0,-9999
1384,1521150.0,-2151390.0,-9999
1385,1513710.0,-2125980.0,-9999
1386,2205570.0,-2344920.0,-9999
1387,2196240.0,-2343270.0,-9999
1388,1522050.0,-2146740.0,-9999
1389,2235120.0,-2347260.0,-9999
1390,2235030.0,-2347680.0,-9999
1391,2174340.0,-2348370.0,-9999
1392,2207760.0,-2344140.0,-9999
1393,2216100.0,-2339310.0,-9999
1394,2201580.0,-2336970.0,-9999
1395,2181510.0,-2346120.0,-9999
1396,1535970.0,-2175060.0,-9999
1397,2185470.0,-2345010.0,-9999
1398,2222070.0,-2341980.0,-9999
1399,2197830.0,-2346660.0,-9999
1400,2170590.0,-2346480.0,-9999
1401,1512930.0,-2127960.0,-9999
1402,1506360.0,-2116020.0,-9999
1403,2241630.0,-2345940.0,-9999
1404,1494660.0,-2112420.0,-9999
1405,2211510.0,-2338020.0,-9999
1406,2241600.0,-2346510.0,-9999
1407,2190900.0,-2342760.0,-9999
1408,2214120.0,-2347650.0,-9999
1409,2186250.0,-2343090.0,-9999
1410,2228430.0,-2346420.0,-9999
1411,1500450.0,-2119170.0,-9999
1412,2173020.0,-2343270.0,-9999
1413,2201610.0,-2346000.0,-9999
1414,2211960.0,-2347710.0,-9999
1415,2180700.0,-2338320.0,-9999
1416,1505130.0,-2125500.0,-9999
1417,2178090.0,-2342850.0,-9999
1418,2168970.0,-2347830.0,-9999
1419,1534470.0,-2172180.0,-9999
1420,2240640.0,-2348310.0,-9999
1421,1518240.0,-2137920.0,-9999
1422,2194920.0,-2344170.0,-9999
1423,2212860.0,-2346240.0,-9999
1424,2168700.0,-2345850.0,-9999
1425,2212560.0,-2347230.0,-9999
1426,2210280.0,-2343720.0,-9999
1427,1521180.0,-2139420.0,-9999
1428,2193390.0,-2344560.0,-9999
1429,2204430.0,-2336100.0,-9999
1430,2215020.0,-2346630.0,-9999
1431,2202540.0,-2345670.0,-9999
1432,1515810.0,-2144820.0,-9999
1433,2212110.0,-2337360.0,-9999
1434,1519470.0,-2139600.0,-9999
1435,1518990.0,-2137290.0,-9999
1436,2207100.0,-2338050.0,-9999
1437,2197860.0,-2345310.0,-9999
1438,1502340.0,-2113290.0,-9999
1439,1515660.0,-2133900.0,-9999
1440,2221830.0,-2344410.0,-9999
1441,2235780.0,-2314200.0,12
1442,1513860.0,-2140920.0,-9999
1443,2181720.0,-2347230.0,-9999
1444,1497150.0,-2116950.0,-9999
1445,1516950.0,-2143710.0,-9999
1446,1498020.0,-2115900.0,-9999
1447,1504500.0,-2122680.0,-9999
1448,1511130.0,-2128200.0,-9999
1449,2182260.0,-2336970.0,-9999
1450,1496070.0,-2112060.0,-9999
1451,1518720.0,-2132160.0,-9999
1452,1530180.0,-2167170.0,-9999
1453,2180790.0,-2347650.0,-9999
1454,2200980.0,-2340000.0,-9999
1455,1522050.0,-2139420.0,-9999
1456,1521390.0,-2149680.0,-9999
1457,2165880.0,-2347590.0,-9999
1458,2163420.0,-2347260.0,-9999
1459,2176050.0,-2344920.0,-9999
1460,1518690.0,-2130630.0,-9999
1461,1524360.0,-2158800.0,-9999
1462,2194260.0,-2338080.0,-9999
1463,2230170.0,-2343960.0,-9999
1464,1501800.0,-2123430.0,-9999
1465,2228130.0,-2341650.0,-9999
1466,2186850.0,-2341560.0,-9999
1467,2122920.0,-2347560.0,-9999
1468,1529310.0,-2160300.0,-9999
1469,2206050.0,-2344140.0,-9999
1470,1529790.0,-2161950.0,-9999
1471,1527330.0,-2160540.0,-9999
1472,1516320.0,-2134740.0,-9999
1473,1534440.0,-2173470.0,-9999
1474,2197830.0,-2344320.0,-9999
1475,1522590.0,-2147310.0,-9999
1476,2184090.0,-2347800.0,-9999
1477,2193690.0,-2336640.0,-9999
1478,1526280.0,-2161530.0,-9999
1479,1500510.0,-2120580.0,-9999
1480,2186160.0,-2345460.0,-9999
1481,1535520.0,-2172660.0,-9999
1482,2167800.0,-2348370.0,-9999
1483,2218950.0,-2340210.0,-9999
1484,1519380.0,-2133960.0,-9999
1485,2184630.0,-2348370.0,-9999
1486,2170710.0,-2346090.0,-9999
1487,2241150.0,-2345940.0,-9999
1488,2220000.0,-2340510.0,-9999
1489,2198460.0,-2336820.0,-9999
1490,2196390.0,-2337630.0,-9999
1491,1532220.0,-2167110.0,-9999
1492,1518540.0,-2142450.0,-9999
1493,1529100.0,-2162340.0,-9999
1494,2152110.0,-2341920.0,12
1495,1532640.0,-2170770.0,-9999
1496,1523280.0,-2151630.0,-9999
1497,2214750.0,-2347260.0,-9999
1498,1512810.0,-2129730.0,-9999
1499,2181600.0,-2341770.0,-9999
1500,2182590.0,-2343900.0,-9999
1501,1533510.0,-2167140.0,-9999
1502,2241540.0,-2347440.0,-9999
1503,2172660.0,-2344710.0,-9999
1504,1528260.0,-2164080.0,-9999
1505,2214060.0,-2344350.0,-9999
1506,1525590.0,-2149260.0,-9999
1507,2190090.0,-2336850.0,-9999
1508,1520520.0,-2148390.0,-9999
1509,1518390.0,-2145870.0,-9999
1510,2198160.0,-2341170.0,-9999
1511,1506030.0,-2117640.0,-9999
1512,1527330.0,-2160270.0,-9999
1513,1494810.0,-2112660.0,-9999
1514,1528290.0,-2164590.0,-9999
1515,1500240.0,-2116710.0,-9999
1516,2205870.0,-2339220.0,-9999
1517,2195910.0,-2336340.0,-9999
1518,2206800.0,-2345640.0,-9999
1519,1526040.0,-2150250.0,-9999
1520,2183430.0,-2346660.0,-9999
1521,1988820.0,-2290770.0,12
1522,1509480.0,-2123730.0,-9999
1523,2185560.0,-2346870.0,-9999
1524,2180550.0,-2341920.0,-9999
1525,2178150.0,-2342160.0,-9999
1526,1509510.0,-2136240.0,-9999
1527,1533090.0,-2166840.0,-9999
1528,1505760.0,-2128740.0,-9999
1529,1503210.0,-2126910.0,-9999
1530,1514640.0,-2127420.0,-9999
1531,1512780.0,-2127300.0,-9999
1532,2214390.0,-2344590.0,-9999
1533,1525920.0,-2154120.0,-9999
1534,1513770.0,-2122740.0,-9999
1535,2198340.0,-2337780.0,-9999
1536,1510980.0,-2133870.0,-9999
1537,2190060.0,-2344920.0,-9999
1538,1524030.0,-2157840.0,-9999
1539,2225190.0,-2347140.0,-9999
1540,1537590.0,-2177370.0,-9999
1541,1499070.0,-2111550.0,-9999
1542,2242980.0,-2347920.0,-9999
1543,2197680.0,-2338710.0,-9999
1544,2189430.0,-2339940.0,-9999
1545,1511130.0,-2122440.0,-9999
1546,2218410.0,-2344380.0,-9999
1547,2178600.0,-2343120.0,-9999
1548,1514850.0,-2141400.0,-9999
1549,2218380.0,-2348010.0,-9999
1550,1520460.0,-2137200.0,-9999
1551,2218770.0,-2341230.0,-9999
1552,1524240.0,-2151660.0,-9999
1553,1496310.0,-2115780.0,-9999
1554,2183700.0,-2346570.0,-9999
1555,1518840.0,-2134020.0,-9999
1556,2209560.0,-2345460.0,-9999
1557,2228220.0,-2348130.0,-9999
1558,2244300.0,-2339460.0,12
1559,2186040.0,-2339820.0,-9999
1560,2201730.0,-2346360.0,-9999
1561,1504410.0,-2127270.0,-9999
1562,1505340.0,-2123070.0,-9999
1563,2212530.0,-2341320.0,-9999
1564,1524390.0,-2152740.0,-9999
1565,1508310.0,-2125170.0,-9999
1566,1506690.0,-2121930.0,-9999
1567,1538580.0,-2178450.0,-9999
1568,2217030.0,-2343150.0,-9999
1569,2169870.0,-2345820.0,-9999
1570,2232030.0,-2345070.0,-9999
1571,2207760.0,-2339700.0,-9999
1572,1498620.0,-2118900.0,-9999
1573,2228010.0,-2344980.0,-9999
1574,2229870.0,-2346090.0,-9999
1575,2187540.0,-2345580.0,-9999
1576,1502460.0,-2115090.0,-9999
1577,1507680.0,-2127870.0,-9999
1578,1521450.0,-2148960.0,-9999
1579,1511670.0,-2126190.0,-9999
1580,2197860.0,-2341500.0,-9999
1581,2201850.0,-2338470.0,-9999
1582,1516050.0,-2139270.0,-9999
1583,2213730.0,-2348220.0,-9999
1584,1520040.0,-2141070.0,-9999
1585,2219310.0,-2347290.0,-9999
1586,1534950.0,-2167320.0,-9999
1587,1958790.0,-2289270.0,-9999
1588,2192100.0,-2343150.0,-9999
1589,2196870.0,-2340990.0,-9999
1590,2191470.0,-2339190.0,-9999
1591,2225520.0,-2340990.0,-9999
1592,2191050.0,-2346000.0,-9999
1593,2162940.0,-2348340.0,-9999
1594,2175960.0,-2343090.0,-9999
1595,1537590.0,-2174190.0,-9999
1596,1538010.0,-2175810.0,-9999
1597,2176110.0,-2342610.0,-9999
1598,1512840.0,-2140320.0,-9999
1599,2207970.0,-2337840.0,-9999
1600,1518810.0,-2141190.0,-9999
1601,2231910.0,-2344260.0,-9999
1602,2173710.0,-2347710.0,-9999
1603,1503660.0,-2127510.0,-9999
1604,2208600.0,-2339220.0,-9999
1605,1503990.0,-2116830.0,-9999
1606,1517640.0,-2133090.0,-9999
1607,2214240.0,-2338410.0,-9999
1608,2172810.0,-2344320.0,-9999
1609,1524810.0,-2151900.0,-9999
1610,2184540.0,-2341020.0,-9999
1611,2242470.0,-2347860.0,-9999
1612,1525890.0,-2149200.0,-9999
1613,2179410.0,-2345910.0,-9999
1614,1514250.0,-2142600.0,-9999
1615,1540020.0,-2179710.0,-9999
1616,2178300.0,-2341020.0,-9999
1617,2227980.0,-2341140.0,-9999
1618,1511190.0,-2129370.0,-9999
1619,1497690.0,-2111940.0,-9999
1620,1499460.0,-2120280.0,-9999
1621,1526460.0,-2149950.0,-9999
1622,2136570.0,-2348040.0,-9999
1623,1530480.0,-2162190.0,-9999
1624,2193510.0,-2347260.0,-9999
1625,2216760.0,-2338740.0,-9999
1626,1497090.0,-2111310.0,-9999
1627,1519410.0,-2138430.0,-9999
1628,1523490.0,-2150100.0,-9999
1629,1500570.0,-2112600.0,-9999
1630,1522350.0,-2155530.0,-9999
1631,2203980.0,-2340510.0,-9999
1632,2216280.0,-2340210.0,-9999
1633,1536630.0,-2177100.0,-9999
1634,1505070.0,-2129400.0,-9999
1635,2222820.0,-2343690.0,-9999
1636,2217420.0,-2346030.0,-9999
1637,2189640.0,-2343360.0,-9999
1638,2236980.0,-2346420.0,-9999
1639,2232690.0,-2347980.0,-9999
1640,1497570.0,-2116770.0,-9999
1641,2223930.0,-2343330.0,-9999
1642,1511130.0,-2133240.0,-9999
1643,1515240.0,-2139150.0,-9999
1644,2200650.0,-2344440.0,-9999
1645,1515060.0,-2144160.0,-9999
1646,2211600.0,-2348580.0,-9999
1647,2183610.0,-2337600.0,-9999
1648,1533600.0,-2167200.0,-9999
1649,1532130.0,-2163900.0,-9999
1650,1521450.0,-2149080.0,-9999
1651,2208990.0,-2339580.0,-9999
1652,2188410.0,-2345310.0,-9999
1653,1514700.0,-2140170.0,-9999
1654,2194800.0,-2345940.0,-9999
1655,1534410.0,-2166810.0,-9999
1656,2196150.0,-2335770.0,-9999
1657,1533690.0,-2165700.0,-9999
1658,2185170.0,-2346870.0,-9999
1659,2221740.0,-2348010.0,-9999
1660,1512840.0,-2128440.0,-9999
1661,1496160.0,-2112750.0,-9999
1662,2132940.0,-2328390.0,12
1663,2209530.0,-2341260.0,-9999
1664,2198790.0,-2339910.0,-9999
1665,1524810.0,-2150040.0,-9999
1666,2176350.0,-2344680.0,-9999
1667,1510470.0,-2127720.0,-9999
1668,1521690.0,-2144670.0,-9999
1669,1538460.0,-2178060.0,-9999
1670,2180580.0,-2347650.0,-9999
1671,1528260.0,-2163660.0,-9999
1672,1522170.0,-2148960.0,-9999
1673,1524300.0,-2147040.0,-9999
1674,2220720.0,-2340240.0,-9999
1675,2161020.0,-2337270.0,12
1676,2192070.0,-2346120.0,-9999
1677,2203050.0,-2340840.0,-9999
1678,1515270.0,-2140650.0,-9999
1679,2190570.0,-2339520.0,-9999
1680,2229690.0,-2348220.0,-9999
1681,1517190.0,-2126160.0,-9999
1682,1502220.0,-2118360.0,-9999
1683,2219010.0,-2344620.0,-9999
1684,2208510.0,-2347530.0,-9999
1685,1512030.0,-2128830.0,-9999
1686,1508460.0,-2122290.0,-9999
1687,2218560.0,-2343870.0,-9999
1688,2189730.0,-2347980.0,-9999
1689,1516620.0,-2133390.0,-9999
1690,2198460.0,-2339490.0,-9999
1691,2165850.0,-2346750.0,-9999
1692,2183580.0,-2344800.0,-9999
1693,2221500.0,-2343210.0,-9999
1694,2196120.0,-2336910.0,-9999
1695,2197440.0,-2342160.0,-9999
1696,1525110.0,-2157450.0,-9999
1697,1534290.0,-2171490.0,-9999
1698,1511550.0,-2128290.0,-9999
1699,2194200.0,-2340840.0,-9999
1700,2220450.0,-2339280.0,-9999
1701,2207910.0,-2342730.0,-9999
1702,2183370.0,-2342430.0,-9999
1703,2168040.0,-2345970.0,-9999
1704,1513890.0,-2133840.0,-9999
1705,2134860.0,-2347920.0,-9999
1706,2199030.0,-2345730.0,-9999
1707,1520670.0,-2152590.0,-9999
1708,1529250.0,-2161920.0,-9999
1709,2182410.0,-2347290.0,-9999
1710,1504320.0,-2124480.0,-9999
1711,1520220.0,-2135880.0,-9999
1712,2220180.0,-2343090.0,-9999
1713,1532100.0,-2165820.0,-9999
1714,2204760.0,-2346390.0,-9999
1715,1509810.0,-2131950.0,-9999
1716,2212260.0,-2339580.0,-9999
1717,2137200.0,-2347920.0,-9999
1718,2194980.0,-2336400.0,-9999
1719,1500780.0,-2119740.0,-9999
1720,2226210.0,-2343330.0,-9999
1721,1514670.0,-2130030.0,-9999
1722,2218260.0,-2346030.0,-9999
1723,2172690.0,-2343390.0,-9999
1724,1515810.0,-2128020.0,-9999
1725,1524480.0,-2151750.0,-9999
1726,1520580.0,-2147340.0,-9999
1727,2207940.0,-2343840.0,-9999
1728,2240850.0,-2348490.0,-9999
1729,1524600.0,-2155020.0,-9999
1730,2208150.0,-2344800.0,-9999
1731,1530540.0,-2162340.0,-9999
1732,2176320.0,-2343810.0,-9999
1733,1507500.0,-2122200.0,-9999
1734,2180760.0,-2341440.0,-9999
1735,1495440.0,-2114910.0,-9999
1736,2209110.0,-2347800.0,-9999
1737,2173560.0,-2344380.0,-9999
1738,2205630.0,-2340660.0,-9999
1739,1519440.0,-2135160.0,-9999
1740,1505940.0,-2130420.0,-9999
1741,1508790.0,-2131020.0,-9999
1742,1513770.0,-2133900.0,-9999
1743,1521690.0,-2138640.0,-9999
1744,2231670.0,-2344020.0,-9999
1745,1498440.0,-2118690.0,-9999
1746,1503840.0,-2122770.0,-9999
1747,1516770.0,-2140620.0,-9999
1748,2171940.0,-2344140.0,-9999
1749,1503480.0,-2114580.0,-9999
1750,2206350.0,-2335830.0,-9999
1751,2222910.0,-2346180.0,-9999
1752,1512030.0,-2140080.0,-9999
1753,1530210.0,-2163780.0,-9999
1754,2238360.0,-2348430.0,-9999
1755,1502610.0,-2118390.0,-9999
1756,1522770.0,-2144760.0,-9999
1757,2219940.0,-2343420.0,-9999
1758,2157750.0,-2339370.0,12
1759,1513140.0,-2138220.0,-9999
1760,1531740.0,-2169420.0,-9999
1761,2202090.0,-2343120.0,-9999
1762,2218260.0,-2346990.0,-9999
1763,1509300.0,-2125170.0,-9999
1764,1537350.0,-2176800.0,-9999
1765,2196210.0,-2344230.0,-9999
1766,2211900.0,-2340960.0,-9999
1767,2221110.0,-2343690.0,-9999
1768,2193720.0,-2347920.0,-9999
1769,2204490.0,-2341560.0,-9999
1770,1502010.0,-2117070.0,-9999
1771,2227980.0,-2345040.0,-9999
1772,1515540.0,-2131320.0,-9999
1773,1515330.0,-2143770.0,-9999
1774,1504470.0,-2115150.0,-9999
1775,2204340.0,-2347560.0,-9999
1776,2224380.0,-2341770.0,-9999
1777,2206260.0,-2336580.0,-9999
1778,2170020.0,-2346120.0,-9999
1779,1530930.0,-2167680.0,-9999
1780,1519140.0,-2134800.0,-9999
1781,1523220.0,-2155080.0,-9999
1782,2203560.0,-2340510.0,-9999
1783,2193810.0,-2345250.0,-9999
1784,1515780.0,-2129850.0,-9999
1785,1511220.0,-2132490.0,-9999
1786,2207310.0,-2342580.0,-9999
1787,2200980.0,-2336400.0,-9999
1788,2231130.0,-2345250.0,-9999
1789,1533030.0,-2170410.0,-9999
1790,2207340.0,-2337960.0,-9999
1791,2188170.0,-2341950.0,-9999
1792,2197380.0,-2337030.0,-9999
1793,2132010.0,-2347620.0,-9999
1794,2197770.0,-2346240.0,-9999
1795,1519350.0,-2143470.0,-9999
1796,2174250.0,-2348400.0,-9999
1797,2196690.0,-2343330.0,-9999
1798,2125200.0,-2347950.0,-9999
1799,1516950.0,-2135850.0,-9999
1800,2196000.0,-2338650.0,-9999
1801,2202240.0,-2347650.0,-9999
1802,1510260.0,-2124480.0,-9999
1803,1528260.0,-2162370.0,-9999
1804,2187990.0,-2348250.0,-9999
1805,1517790.0,-2127780.0,-9999
1806,1523670.0,-2152050.0,-9999
1807,2208420.0,-2337090.0,-9999
1808,1961010.0,-2289270.0,-9999
1809,2208120.0,-2341470.0,-9999
1810,2187600.0,-2340180.0,-9999
1811,2130480.0,-2347740.0,-9999
1812,1521540.0,-2147070.0,-9999
1813,1518840.0,-2143290.0,-9999
1814,2186100.0,-2342610.0,-9999
1815,2215500.0,-2345760.0,-9999
1816,2205450.0,-2344110.0,-9999
1817,2208330.0,-2336160.0,-9999
1818,2190870.0,-2347110.0,-9999
1819,1512660.0,-2130060.0,-9999
1820,2052990.0,-2318760.0,12
1821,1506120.0,-2118510.0,-9999
1822,1511400.0,-2125920.0,-9999
1823,2186970.0,-2337330.0,-9999
1824,2205180.0,-2345610.0,-9999
1825,2174340.0,-2344260.0,-9999
1826,1510290.0,-2119980.0,-9999
1827,1530570.0,-2165490.0,-9999
1828,2192130.0,-2345070.0,-9999
1829,1534110.0,-2171100.0,-9999
1830,1535460.0,-2167920.0,-9999
1831,2171460.0,-2348040.0,-9999
1832,2220330.0,-2347200.0,-9999
1833,1530540.0,-2164230.0,-9999
1834,1512870.0,-2121720.0,-9999
1835,2220210.0,-2346150.0,-9999
1836,2167320.0,-2346840.0,-9999
1837,2225010.0,-2348160.0,-9999
1838,2191050.0,-2348610.0,-9999
1839,2224710.0,-2344950.0,-9999
1840,1532910.0,-2168430.0,-9999
1841,2187750.0,-2337360.0,-9999
1842,1533810.0,-2166510.0,-9999
1843,2207160.0,-2340450.0,-9999
1844,2211090.0,-2340930.0,-9999
1845,2223330.0,-2340150.0,-9999
1846,1509000.0,-2122410.0,-9999
1847,2193720.0,-2338140.0,-9999
1848,1500990.0,-2113140.0,-9999
1849,2217930.0,-2339190.0,-9999
1850,2180850.0,-2338740.0,-9999
1851,1513350.0,-2127810.0,-9999
1852,2176890.0,-2343240.0,-9999
1853,1514340.0,-2138850.0,-9999
1854,1530120.0,-2166390.0,-9999
1855,2124420.0,-2347860.0,-9999
1856,2193180.0,-2341830.0,-9999
1857,1511430.0,-2125500.0,-9999
1858,2214360.0,-2348610.0,-9999
1859,2185830.0,-2341380.0,-9999
1860,2182710.0,-2347080.0,-9999
1861,2199540.0,-2341920.0,-9999
1862,2202360.0,-2342580.0,-9999
1863,2196960.0,-2340450.0,-9999
1864,1509810.0,-2135820.0,-9999
1865,1515990.0,-2125290.0,-9999
1866,1515540.0,-2137170.0,-9999
1867,1526340.0,-2154420.0,-9999
1868,2200110.0,-2340780.0,-9999
1869,1503930.0,-2117040.0,-9999
1870,1535610.0,-2174310.0,-9999
1871,2194980.0,-2343420.0,-9999
1872,2181960.0,-2337390.0,-9999
1873,1518480.0,-2149530.0,-9999
1874,2205300.0,-2337990.0,-9999
1875,1510230.0,-2135010.0,-9999
1876,1521750.0,-2135910.0,-9999
1877,2207040.0,-2338860.0,-9999
1878,2194740.0,-2345730.0,-9999
1879,2244810.0,-2313750.0,12
1880,1536270.0,-2172900.0,-9999
1881,1528980.0,-2160030.0,-9999
1882,1536060.0,-2170320.0,-9999
1883,2188770.0,-2342130.0,-9999
1884,2228790.0,-2343030.0,-9999
1885,1533600.0,-2167800.0,-9999
1886,2189490.0,-2347350.0,-9999
1887,2205840.0,-2338830.0,-9999
1888,1525470.0,-2153310.0,-9999
1889,2220990.0,-2347860.0,-9999
1890,1524840.0,-2157990.0,-9999
1891,2201010.0,-2344560.0,-9999
1892,1513020.0,-2131020.0,-9999
1893,2193810.0,-2342850.0,-9999
1894,1521870.0,-2148660.0,-9999
1895,2195160.0,-2346330.0,-9999
1896,1515750.0,-2124990.0,-9999
1897,1540320.0,-2179290.0,-9999
1898,2136300.0,-2348220.0,-9999
1899,2204460.0,-2343630.0,-9999
1900,2242350.0,-2348460.0,-9999
1901,2203710.0,-2341500.0,-9999
1902,2041500.0,-2296560.0,12
1903,2165250.0,-2347830.0,-9999
1904,2195070.0,-2346240.0,-9999
1905,2217300.0,-2347950.0,-9999
1906,2202300.0,-2343960.0,-9999
1907,2054250.0,-2305740.0,12
1908,2220030.0,-2347410.0,-9999
1909,1500180.0,-2112210.0,-9999
1910,2183580.0,-2337990.0,-9999
1911,1526370.0,-2155080.0,-9999
1912,2188830.0,-2342520.0,-9999
1913,1513560.0,-2126700.0,-9999
1914,2183850.0,-2343210.0,-9999
1915,1503390.0,-2121900.0,-9999
1916,2169150.0,-2345430.0,-9999
1917,2194890.0,-2344890.0,-9999
1918,1512150.0,-2127330.0,-9999
1919,1536480.0,-2175270.0,-9999
1920,2180880.0,-2344500.0,-9999
1921,2208270.0,-2340330.0,-9999
1922,2230410.0,-2346990.0,-9999
1923,1518780.0,-2130000.0,-9999
1924,2042010.0,-2302080.0,12
1925,2142060.0,-2325360.0,12
1926,1514040.0,-2131980.0,-9999
1927,2220780.0,-2341950.0,-9999
1928,2209860.0,-2342580.0,-9999
1929,2215020.0,-2339400.0,-9999
1930,2191590.0,-2339520.0,-9999
1931,1508760.0,-2128260.0,-9999
1932,1512120.0,-2129370.0,-9999
1933,2229900.0,-2348160.0,-9999
1934,2183910.0,-2343210.0,-9999
1935,1510260.0,-2129970.0,-9999
1936,2201400.0,-2339910.0,-9999
1937,1517310.0,-2147220.0,-9999
1938,1536120.0,-2174400.0,-9999
1939,2194590.0,-2340600.0,-9999
1940,1512120.0,-2125920.0,-9999
1941,2193390.0,-2336430.0,-9999
1942,1511340.0,-2130600.0,-9999
1943,1518660.0,-2147370.0,-9999
1944,1516200.0,-2143380.0,-9999
1945,2183970.0,-2343030.0,-9999
1946,1517580.0,-2147070.0,-9999
1947,1527210.0,-2160180.0,-9999
1948,2200830.0,-2337930.0,-9999
1949,2200530.0,-2340390.0,-9999
1950,1527960.0,-2160180.0,-9999
1951,2206560.0,-2335170.0,-9999
1952,2173470.0,-2343240.0,-9999
1953,2172720.0,-2343300.0,-9999
1954,2195640.0,-2344980.0,-9999
1955,2205150.0,-2339970.0,-9999
1956,2246490.0,-2348880.0,-9999
1957,2198520.0,-2342340.0,-9999
1958,1521840.0,-2137440.0,-9999
1959,2232960.0,-2345010.0,-9999
1960,2203260.0,-2346210.0,-9999
1961,1505730.0,-2121930.0,-9999
1962,1515360.0,-2135310.0,-9999
1963,1529160.0,-2164530.0,-9999
1964,1517400.0,-2141910.0,-9999
1965,1529430.0,-2166420.0,-9999
1966,2183700.0,-2345730.0,-9999
1967,2220390.0,-2348010.0,-9999
1968,1498380.0,-2118930.0,-9999
1969,1494450.0,-2111040.0,-9999
1970,1501530.0,-2121060.0,-9999
1971,2176290.0,-2343300.0,-9999
1972,1518720.0,-2136840.0,-9999
1973,2214390.0,-2338350.0,-9999
1974,2184540.0,-2341530.0,-9999
1975,1514040.0,-2135790.0,-9999
1976,1530270.0,-2167650.0,-9999
1977,2178630.0,-2345610.0,-9999
1978,2185920.0,-2344800.0,-9999
1979,2221710.0,-2342070.0,-9999
1980,1510110.0,-2130450.0,-9999
1981,2193570.0,-2338320.0,-9999
1982,2173770.0,-2344200.0,-9999
1983,2161290.0,-2341170.0,12
1984,2210010.0,-2347830.0,-9999
1985,2237040.0,-2348820.0,-9999
1986,1517970.0,-2134860.0,-9999
1987,2203470.0,-2346300.0,-9999
1988,1511790.0,-2134920.0,-9999
1989,1968840.0,-2285400.0,12
1990,2184180.0,-2348220.0,-9999
1991,2207940.0,-2337600.0,-9999
1992,1502460.0,-2118240.0,-9999
1993,1516050.0,-2141550.0,-9999
1994,2198490.0,-2338980.0,-9999
1995,2205780.0,-2345430.0,-9999
1996,2191980.0,-2340990.0,-9999
1997,2131170.0,-2347500.0,-9999
1998,1518030.0,-2138220.0,-9999
1999,1525890.0,-2155710.0,-9999
2000,2194230.0,-2347950.0,-9999
2001,2230770.0,-2346930.0,-9999
2002,2210490.0,-2340090.0,-9999
2003,2213430.0,-2341080.0,-9999
2004,2175150.0,-2346810.0,-9999
2005,1506660.0,-2127930.0,-9999
2006,2166030.0,-2347890.0,-9999
2007,2198550.0,-2344950.0,-9999
2008,2220930.0,-2343480.0,-9999
2009,1513020.0,-2131860.0,-9999
2010,2217780.0,-2342580.0,-9999
2011,1531470.0,-2161620.0,-9999
2012,2195130.0,-2347350.0,-9999
2013,2217330.0,-2347800.0,-9999
2014,2170680.0,-2346780.0,-9999
2015,2239590.0,-2346540.0,-9999
2016,1511760.0,-2136000.0,-9999
2017,1518540.0,-2139660.0,-9999
2018,1520820.0,-2134650.0,-9999
2019,1520400.0,-2146620.0,-9999
2020,1531470.0,-2164230.0,-9999
2021,1511280.0,-2121510.0,-9999
2022,1520460.0,-2147670.0,-9999
2023,2194650.0,-2337330.0,-9999
2024,2214690.0,-2339520.0,-9999
2025,2196270.0,-2337960.0,-9999
2026,1512150.0,-2139840.0,-9999
2027,2208120.0,-2341410.0,-9999
2028,1521150.0,-2149830.0,-9999
2029,2208060.0,-2340630.0,-9999
2030,2210520.0,-2335770.0,-9999
2031,1498290.0,-2115690.0,-9999
2032,2200800.0,-2336580.0,-9999
2033,2216160.0,-2344800.0,-9999
2034,1540680.0,-2182320.0,-9999
2035,2051790.0,-2298390.0,11
2036,2242080.0,-2348490.0,-9999
2037,2198340.0,-2347380.0,-9999
2038,2206290.0,-2344080.0,-9999
2039,2240520.0,-2348370.0,-9999
2040,2178270.0,-2346360.0,-9999
2041,1525830.0,-2153670.0,-9999
2042,1505970.0,-2130690.0,-9999
2043,1513500.0,-2142240.0,-9999
2044,1527810.0,-2160930.0,-9999
2045,1524990.0,-2159220.0,-9999
2046,2173140.0,-2344530.0,-9999
2047,1518990.0,-2149710.0,-9999
2048,1523310.0,-2152350.0,-9999
2049,2176680.0,-2344440.0,-9999
2050,2173350.0,-2344440.0,-9999
2051,1512000.0,-2135880.0,-9999
2052,1522950.0,-2151930.0,-9999
2053,2193690.0,-2345250.0,-9999
2054,1540080.0,-2180010.0,-9999
2055,1505640.0,-2127690.0,-9999
2056,1502880.0,-2120460.0,-9999
2057,1509990.0,-2131500.0,-9999
2058,1518270.0,-2145270.0,-9999
2059,1514880.0,-2139720.0,-9999
2060,1514010.0,-2141220.0,-9999
2061,2212320.0,-2347200.0,-9999
2062,1521210.0,-2147820.0,-9999
2063,2228790.0,-2345970.0,-9999
2064,2197950.0,-2342670.0,-9999
2065,1518600.0,-2133180.0,-9999
2066,2203770.0,-2343960.0,-9999
2067,1518780.0,-2140260.0,-9999
2068,2200890.0,-2340990.0,-9999
2069,1497720.0,-2115900.0,-9999
2070,1519590.0,-2140920.0,-9999
2071,1519770.0,-2132880.0,-9999
2072,2183490.0,-2343030.0,-9999
2073,2223030.0,-2343570.0,-9999
2074,2186430.0,-2342580.0,-9999
2075,2119110.0,-2342670.0,12
2076,2205960.0,-2340900.0,-9999
2077,2172180.0,-2344860.0,-9999
2078,2208120.0,-2337420.0,-9999
2079,2188200.0,-2346090.0,-9999
2080,1532670.0,-2166990.0,-9999
2081,1505190.0,-2120370.0,-9999
2082,1499580.0,-2114490.0,-9999
2083,2187930.0,-2339100.0,-9999
2084,1513290.0,-2128710.0,-9999
2085,1510350.0,-2137620.0,-9999
2086,2211930.0,-2343750.0,-9999
2087,2179350.0,-2342850.0,-9999
