date,county,latitude,longitude,DayAirTmpAvg01,DayPrecip01,DayRelHumAvg01,DaySoilTmpAvg01,DayWindSpdAvg01,DayAirTmpAvg02,DayPrecip02,DayRelHumAvg02,DaySoilTmpAvg02,DayWindSpdAvg02,DayAirTmpAvg03,DayPrecip03,DayRelHumAvg03,DaySoilTmpAvg03,DayWindSpdAvg03,DayAirTmpAvg04,DayPrecip04,DayRelHumAvg04,DaySoilTmpAvg04,DayWindSpdAvg04,DayAirTmpAvg05,DayPrecip05,DayRelHumAvg05,DaySoilTmpAvg05,DayWindSpdAvg05,DayAirTmpAvg06,DayPrecip06,DayRelHumAvg06,DaySoilTmpAvg06,DayWindSpdAvg06,DayAirTmpAvg07,DayPrecip07,DayRelHumAvg07,DaySoilTmpAvg07,DayWindSpdAvg07,DayAirTmpAvg08,DayPrecip08,DayRelHumAvg08,DaySoilTmpAvg08,DayWindSpdAvg08,DayAirTmpAvg09,DayPrecip09,DayRelHumAvg09,DaySoilTmpAvg09,DayWindSpdAvg09,DayAirTmpAvg10,DayPrecip10,DayRelHumAvg10,DaySoilTmpAvg10,DayWindSpdAvg10,DayAirTmpAvg11,DayPrecip11,DayRelHumAvg11,DaySoilTmpAvg11,DayWindSpdAvg11,DayAirTmpAvg12,DayPrecip12,DayRelHumAvg12,DaySoilTmpAvg12,DayWindSpdAvg12,DayAirTmpAvg13,DayPrecip13,DayRelHumAvg13,DaySoilTmpAvg13,DayWindSpdAvg13,DayAirTmpAvg14,DayPrecip14,DayRelHumAvg14,DaySoilTmpAvg14,DayWindSpdAvg14
2016-06-25,Madera,36.87565,-120.25511,21.9,0.0,38.0,25.4,3.7,25.1,0.3,34.0,25.9,2.6,24.1,0.0,36.0,26.0,2.9,20.8,0.0,34.0,25.6,3.1,18.3,0.0,38.0,25.1,3.6,19.4,0.0,43.0,25.0,2.3,22.7,0.0,45.0,25.6,2.9,22.9,0.0,45.0,25.4,3.8,26.5,0.0,31.0,25.5,3.1,27.7,0.0,25.0,26.0,3.4,29.1,0.0,21.0,26.5,3.0,28.9,0.0,19.0,27.5,3.4,27.6,0.0,20.0,27.6,3.7,25.9,0.0,30.0,27.6,3.9
2022-09-21,Tulare,36.268,-118.555,32.2,0.0,33.0,27.6,1.4,30.4,0.0,32.0,27.3,1.5,32.2,0.0,33.0,27.0,1.7,28.8,0.0,55.0,27.4,1.3,27.1,0.0,60.0,26.8,1.4,27.0,0.0,47.0,26.4,1.5,24.6,0.0,44.0,25.9,1.3,20.1,0.0,59.0,24.2,1.4,22.2,0.0,54.0,23.9,1.2,20.5,0.0,59.0,23.1,1.3,21.8,0.0,50.0,23.1,1.3,19.8,0.0,54.0,22.6,1.3,20.0,0.0,62.0,22.3,1.6,21.3,0.3,63.0,22.7,1.3
2012-06-02,Placer,38.902253,-121.201005,20.4,0.0,49.0,21.7,1.5,22.5,0.0,52.0,21.7,2.0,20.4,0.0,59.0,21.5,3.7,20.7,0.0,60.0,22.3,2.1,19.0,0.0,49.0,21.9,2.8,18.8,0.0,48.0,21.3,3.0,14.4,0.7,57.0,19.9,1.8,15.9,0.0,65.0,20.1,2.5,16.8,0.0,65.0,20.1,2.1,16.6,0.0,60.0,20.2,3.6,17.9,0.0,63.0,20.4,1.8,21.4,0.0,60.0,21.7,1.4,23.0,0.0,60.0,22.6,1.2,25.3,0.0,58.0,23.5,1.7
2022-12-11,"Alameda, San Joaquin",37.740555,-121.585729,10.4,0.0,49.0,9.5,1.3,9.9,0.0,61.0,9.3,3.9,8.5,0.0,51.0,8.7,2.0,7.4,0.8,59.0,7.9,1.5,8.4,9.3,86.0,8.5,2.5,5.3,1.3,94.0,7.5,1.5,5.9,18.3,100.0,7.7,2.0,9.6,0.9,98.0,9.0,1.8,11.3,0.0,88.0,9.9,2.3,8.6,0.0,98.0,9.5,1.8,8.1,0.0,90.0,8.8,1.1,7.1,0.0,100.0,8.4,1.6,9.7,0.0,84.0,9.4,1.3,10.9,29.3,100.0,10.0,3.7
2015-08-30,San Joaquin,38.017376,-120.944834,,,,,1.6,,,,,2.0,,,,,2.8,,,,,3.1,,,,,2.9,,,,,2.7,,,,,2.5,,,,,2.8,,,,,2.6,,,,,2.5,,,,,2.3,,,,,2.1,,,,,2.2,,,,,3.1
2014-01-14,Sutter,38.9743823,-121.5896697,7.0,0.0,61.0,6.1,1.2,5.6,0.0,67.0,5.8,1.0,7.6,0.0,63.0,6.0,1.2,7.0,0.0,68.0,6.1,1.0,7.2,0.0,55.0,6.1,2.0,6.6,0.0,48.0,5.7,1.2,6.3,0.0,59.0,5.8,1.1,7.3,0.0,52.0,6.2,1.2,6.7,0.0,81.0,6.6,1.4,9.0,0.0,78.0,7.4,1.5,7.3,0.0,78.0,7.2,1.2,9.1,0.1,82.0,7.5,3.0,8.6,0.1,63.0,7.5,3.9,7.3,0.0,66.0,7.4,1.3
2015-09-28,Santa Barbara,34.5423,-120.1959,20.9,0.0,79.0,25.6,1.8,18.2,0.0,93.0,22.0,1.7,17.6,0.0,72.0,22.3,1.8,16.7,0.0,68.0,22.4,1.8,18.7,0.0,56.0,22.3,1.5,22.4,0.0,47.0,22.6,1.5,,0.0,,23.2,1.6,23.2,0.0,59.0,23.8,1.9,20.2,0.0,80.0,24.0,1.9,19.2,0.0,76.0,24.0,1.8,21.7,0.0,53.0,21.9,1.6,22.0,0.0,61.0,21.7,1.7,20.9,0.0,68.0,22.3,1.8,20.0,0.0,70.0,22.5,1.8
2013-11-08,Kern,34.9117,-118.23,,,,,0.0,,,,,1.3,,,,,1.5,,,,,2.9,,,,,3.3,,,,,2.3,,,,,1.5,,,,,1.6,,,,,1.6,,,,,1.6,,,,,2.1,,,,,2.0,,,,,2.3,,,,,1.8
2011-07-04,Siskiyou,41.917209,-122.374848,,,,,1.9,,,,,1.8,,,,,2.1,,,,,3.2,,,,,2.5,,,,,1.9,,,,,1.6,,,,,2.7,,,,,2.8,,,,,2.6,,,,,2.2,,,,,1.8,,,,,2.1,,,,,2.1
2010-02-15,Mariposa,37.42087,-120.00789,8.8,0.0,85.0,10.5,1.2,9.8,0.0,87.0,11.0,1.4,8.7,0.2,90.0,11.0,1.4,10.2,1.7,87.0,10.9,2.3,12.0,2.8,88.0,11.8,2.0,10.2,4.6,91.0,11.9,1.9,9.2,0.1,89.0,11.5,1.6,10.6,0.0,87.0,12.0,0.9,8.8,4.0,88.0,11.6,3.0,8.8,0.0,85.0,11.3,1.6,8.5,0.0,84.0,11.1,1.1,9.5,0.2,80.0,11.1,1.1,10.3,0.0,82.0,11.3,1.1,11.0,0.2,86.0,11.8,1.4
2017-05-13,Siskiyou,41.9525087,-121.9015432,7.5,0.0,51.0,8.7,2.1,8.4,0.0,55.0,9.3,3.1,10.4,0.0,58.0,9.7,2.6,13.6,0.0,68.0,10.9,2.4,15.0,0.0,61.0,11.7,1.5,17.1,0.0,53.0,12.3,4.0,9.6,1.6,74.0,12.7,4.2,3.4,0.1,78.0,11.2,4.3,6.5,0.0,52.0,10.3,2.4,9.6,0.0,46.0,10.6,1.9,12.2,0.0,45.0,11.4,1.8,14.0,0.0,46.0,11.8,2.8,10.5,0.0,59.0,12.3,5.2,5.1,0.0,56.0,12.1,3.5
2011-12-20,Fresno,36.154184,-120.634179,9.4,0.0,40.0,10.1,1.2,5.4,0.0,51.0,9.8,1.2,5.0,0.0,59.0,9.5,1.3,6.8,0.0,54.0,9.5,1.5,7.6,0.0,62.0,9.7,1.6,8.0,0.0,78.0,10.2,0.9,7.7,2.1,85.0,10.7,1.3,7.1,0.1,81.0,10.7,1.3,6.2,0.1,83.0,10.5,1.4,5.1,0.6,87.0,10.2,1.8,5.2,0.1,75.0,9.8,1.3,6.1,0.0,68.0,9.5,1.4,5.9,0.0,72.0,9.4,1.9,6.0,0.0,80.0,9.6,1.1
2022-05-08,Yuba,39.084872,-121.333346,16.3,0.0,48.0,13.8,1.3,18.0,0.0,47.0,14.5,2.5,17.3,0.0,54.0,15.1,2.3,15.3,0.0,57.0,15.1,2.4,14.0,0.0,54.0,14.9,2.2,15.0,0.0,49.0,14.6,1.9,16.7,0.0,56.0,14.7,2.1,16.4,0.0,47.0,14.9,2.4,16.6,0.0,48.0,14.9,3.1,17.4,0.0,41.0,14.9,3.7,19.3,0.0,46.0,15.0,1.7,17.4,0.0,55.0,15.5,2.7,17.9,0.0,65.0,15.8,2.5,16.5,0.0,51.0,16.0,2.0
2010-12-08,Trinity,40.791509,-123.437051,3.5,0.0,49.0,10.4,3.9,4.3,0.0,53.0,9.8,2.3,4.4,0.0,73.0,9.5,1.5,4.8,7.9,90.0,9.7,3.0,3.7,0.2,75.0,9.4,2.2,4.3,0.0,70.0,9.1,2.5,5.6,0.0,77.0,9.0,1.5,6.6,0.0,75.0,9.2,1.5,8.0,5.2,84.0,9.6,1.4,8.5,1.4,89.0,9.9,2.7,10.2,1.6,88.0,10.3,1.6,11.3,22.6,92.0,10.8,2.2,12.1,7.5,85.0,11.2,4.7,9.3,0.0,85.0,10.9,0.9
2018-03-18,San Bernardino,34.45196,-117.03341,7.3,0.0,35.0,10.2,3.4,7.2,0.0,18.0,9.6,2.5,9.3,0.0,12.0,9.3,2.2,11.0,0.0,11.0,9.2,2.2,15.6,0.0,16.0,9.5,4.2,18.5,0.0,32.0,10.5,5.1,15.1,8.4,65.0,11.5,2.9,14.8,0.0,76.0,12.0,2.0,16.2,0.4,61.0,12.1,1.9,18.2,0.0,56.0,12.4,3.4,14.1,0.0,52.0,12.7,6.3,10.8,2.9,48.0,12.3,6.8,11.0,0.0,49.0,11.7,5.6,9.9,0.0,48.0,11.5,5.6
2023-09-18,Glenn,39.555943,-122.5012461,,,,,1.2,,,,,1.2,,,,,1.4,,,,,1.4,,,,,1.4,,,,,1.2,,,,,1.1,,,,,1.2,,,,,1.1,,,,,1.3,,,,,1.7,,,,,1.1,,,,,1.3,,,,,1.8
2014-10-29,Tehama,40.09554,-122.43905,17.0,0.6,72.0,17.9,3.5,16.3,0.0,68.0,17.7,1.4,16.5,0.0,66.0,17.5,2.0,19.2,0.0,60.0,18.0,2.2,18.1,0.0,65.0,17.7,1.8,16.3,4.6,79.0,17.8,3.1,13.0,0.0,68.0,16.8,2.3,14.4,0.0,73.0,16.4,1.4,14.5,5.4,93.0,16.8,2.8,17.0,0.0,74.0,17.0,2.2,16.7,3.8,77.0,17.0,6.3,13.6,0.0,66.0,16.3,3.0,13.0,0.0,63.0,15.7,2.3,14.1,0.0,64.0,15.6,1.4
2019-11-19,Lassen,40.62155,-120.49392,4.6,0.0,48.0,9.0,1.2,6.3,0.0,44.0,9.7,1.4,4.5,0.0,50.0,9.2,1.2,4.0,0.0,51.0,9.1,1.2,4.3,0.0,49.0,8.9,1.4,7.3,0.0,42.0,9.5,1.3,6.6,0.0,56.0,9.8,1.2,5.1,0.0,64.0,9.4,1.3,5.0,0.0,64.0,9.3,1.3,8.7,0.0,49.0,9.8,1.5,10.7,0.0,44.0,10.5,2.0,5.0,0.0,67.0,10.0,1.2,4.2,0.0,67.0,9.4,1.4,4.4,0.0,64.0,9.0,1.3
2012-02-19,San Diego,32.762706,-117.097441,15.0,0.0,36.0,12.7,1.6,15.7,0.0,41.0,14.0,0.8,13.3,6.3,79.0,13.4,1.6,14.9,0.0,62.0,13.6,2.1,17.5,0.0,37.0,13.8,1.8,14.6,0.0,65.0,13.9,1.4,13.3,0.0,75.0,14.4,2.0,13.0,1.6,76.0,14.5,1.6,12.2,2.6,74.0,14.3,2.0,11.1,7.9,70.0,13.5,2.1,10.3,9.5,76.0,13.0,2.1,11.5,0.0,63.0,12.8,2.0,12.8,0.0,56.0,12.9,1.5,11.5,0.1,78.0,13.0,1.7
2014-04-27,Fresno,36.13751,-120.24039,17.0,0.0,53.0,17.3,3.1,20.6,0.0,36.0,17.3,2.0,21.1,0.0,35.0,20.8,2.6,19.9,0.0,39.0,22.2,3.1,21.3,0.0,37.0,21.6,1.9,20.7,0.0,42.0,20.9,3.9,19.4,0.0,38.0,20.5,3.1,18.4,0.0,41.0,19.9,2.8,19.7,0.0,35.0,19.6,2.0,16.1,0.0,36.0,19.2,5.0,15.2,0.0,36.0,18.3,3.9,17.4,0.0,46.0,18.8,3.2,13.5,9.4,77.0,18.9,3.2,12.9,0.0,65.0,18.2,3.0
2024-07-23,Shasta,40.432155,-122.426405,27.7,0.0,64.0,24.8,1.8,29.6,0.0,58.0,24.7,1.7,30.3,0.0,51.0,24.9,1.5,30.7,0.0,53.0,25.1,1.5,28.9,0.0,56.0,24.6,2.1,26.8,0.0,57.0,24.6,1.9,26.0,0.0,64.0,24.2,2.3,25.1,0.0,53.0,24.0,2.9,23.0,0.0,55.0,23.3,1.5,27.1,0.0,45.0,23.1,1.9,29.8,0.0,39.0,23.3,2.7,28.6,0.0,47.0,23.5,2.3,27.4,0.0,63.0,23.9,1.7,29.4,0.0,57.0,24.2,1.6
2018-04-24,Riverside,33.540008,-116.099893,19.6,7.1,27.0,22.5,1.6,27.0,0.0,21.0,22.1,2.3,17.8,4.1,33.0,20.2,4.3,15.8,0.0,23.0,18.1,3.2,21.9,0.0,21.0,18.2,1.7,23.3,0.0,18.0,19.2,1.6,22.3,0.0,19.0,19.9,2.9,8.4,0.3,,18.9,2.4,20.3,0.0,23.0,18.2,2.2,17.5,0.0,31.0,18.3,3.1,20.2,0.0,36.0,18.6,1.6,23.4,0.0,32.0,19.9,1.4,27.0,0.0,22.0,21.1,1.6,26.2,0.0,27.0,21.8,1.8
2024-01-31,"Humboldt, Trinity",40.7721611,-123.63975,10.5,0.8,89.0,9.2,3.6,9.2,0.0,91.0,9.4,2.0,9.8,6.7,89.0,9.5,1.6,12.2,5.7,91.0,10.2,6.7,11.9,13.9,95.0,10.7,6.0,11.8,2.0,92.0,11.0,3.5,11.8,0.0,89.0,11.1,1.3,11.7,12.2,96.0,11.2,4.1,11.5,0.0,89.0,11.4,1.4,10.8,0.2,87.0,11.3,1.8,12.5,1.0,87.0,11.3,2.5,15.1,0.0,85.0,11.9,1.6,13.2,0.1,90.0,12.1,1.3,13.8,0.0,86.0,12.1,2.3
2024-01-22,Riverside,33.82925,-117.46036,8.9,0.0,28.0,9.8,3.6,8.2,0.0,45.0,9.4,1.2,7.8,0.0,74.0,9.5,1.1,10.0,0.0,44.0,10.0,3.1,8.3,0.0,46.0,9.5,1.1,9.1,0.0,58.0,9.4,1.2,8.8,0.0,75.0,9.5,1.2,10.7,0.0,72.0,9.8,1.1,12.8,0.0,61.0,10.3,1.2,11.1,0.0,83.0,10.8,1.2,13.2,0.0,73.0,11.7,1.1,13.9,0.0,65.0,11.9,1.2,12.3,8.7,80.0,12.2,1.1,13.2,3.9,83.0,12.4,1.3
2012-03-13,Monterey,36.4463,-121.68181,6.1,0.0,75.0,11.2,1.8,9.4,4.3,82.0,11.8,3.1,7.2,0.3,90.0,11.2,2.7,7.1,0.0,73.0,11.0,2.5,8.8,0.0,69.0,11.3,2.1,10.9,0.0,70.0,12.2,2.4,8.2,0.0,87.0,12.6,2.0,8.9,0.4,72.0,12.6,5.3,7.7,0.1,,11.5,2.5,7.9,0.0,62.0,11.5,1.9,8.3,0.0,75.0,12.0,2.2,9.1,0.0,86.0,12.8,2.8,9.7,0.0,82.0,13.5,2.0,9.5,0.0,83.0,13.2,2.5
2023-12-09,"Butte, Plumas, Shasta, Lassen, Tehama",39.871306,-121.389439,7.0,0.0,51.0,10.4,1.7,6.1,0.0,56.0,9.8,1.3,4.3,0.0,69.0,9.1,0.7,4.9,0.0,63.0,8.6,0.8,7.7,0.0,60.0,8.6,1.0,7.1,0.0,75.0,8.8,0.9,7.6,0.0,75.0,8.8,0.9,11.6,0.5,89.0,9.6,2.0,13.4,0.0,82.0,10.6,1.8,10.9,0.0,84.0,10.8,0.8,10.7,0.1,88.0,10.7,0.8,9.7,5.4,94.0,10.6,1.5,9.0,0.0,89.0,10.7,1.5,7.4,0.1,68.0,10.1,2.5
2012-02-10,Butte,39.37577,-121.45372,10.3,0.0,50.0,8.9,3.2,7.3,0.0,63.0,7.9,1.2,9.2,0.0,75.0,8.2,1.2,9.9,0.0,78.0,9.2,1.2,9.2,0.1,84.0,9.0,1.4,9.9,0.1,88.0,10.0,1.8,11.1,0.1,45.0,9.3,2.7,7.4,0.0,60.0,8.4,1.5,7.9,0.0,58.0,8.1,1.4,8.4,0.0,62.0,8.2,1.4,8.1,0.0,65.0,8.3,1.1,9.7,3.8,95.0,9.0,1.3,11.9,0.0,79.0,10.2,1.7,11.3,0.1,83.0,10.5,1.0
2014-03-13,Alameda,37.708743,-121.841879,14.2,0.3,70.0,13.1,3.2,12.7,21.2,81.0,13.0,4.3,13.2,2.2,74.0,12.9,5.4,12.1,0.0,82.0,12.8,2.0,11.2,2.9,86.0,12.6,1.8,13.4,0.1,85.0,13.3,1.8,16.0,2.6,77.0,14.0,1.9,15.7,0.2,69.0,15.0,3.0,14.6,0.0,61.0,14.3,3.0,14.4,0.0,68.0,14.1,1.2,16.7,0.0,72.0,15.1,1.7,16.2,0.1,55.0,15.3,3.4,14.8,0.0,39.0,13.8,6.1,16.6,0.0,32.0,13.5,4.1
2019-03-04,Fresno,36.78113,-119.345863,5.2,0.1,84.0,8.8,1.4,5.6,0.1,79.0,8.8,1.4,6.4,0.0,79.0,9.0,1.3,6.2,3.6,84.0,9.3,2.1,5.6,0.1,79.0,8.7,1.2,6.9,0.0,77.0,8.9,1.0,9.2,0.0,76.0,9.7,1.0,13.3,0.0,62.0,11.1,1.6,13.4,0.0,67.0,11.7,1.3,14.5,1.7,74.0,12.5,1.9,14.5,3.0,87.0,13.9,1.8,12.2,0.4,94.0,13.6,1.3,15.0,7.7,90.0,13.7,3.0,14.6,0.0,83.0,14.2,1.9
2010-06-03,Riverside,33.822694,-117.282555,19.6,0.0,54.0,20.0,1.9,17.6,0.0,58.0,20.1,2.2,15.3,0.0,55.0,19.3,2.5,13.0,1.7,50.0,17.6,2.8,14.4,0.0,49.0,17.0,2.4,15.2,0.0,51.0,17.8,2.1,16.2,0.0,55.0,18.7,2.0,16.7,0.0,57.0,18.6,2.3,15.8,0.0,49.0,19.0,2.1,21.7,0.0,25.0,18.3,3.1,21.8,0.0,35.0,20.0,2.1,19.1,0.0,55.0,20.3,2.0,17.4,0.0,63.0,20.8,2.0,18.7,0.0,59.0,21.0,1.8
2014-02-03,Riverside,33.979878,-117.401904,16.9,0.0,17.0,10.6,1.5,18.1,0.0,16.0,10.9,1.6,17.4,0.0,21.0,11.3,1.5,15.6,0.0,22.0,11.0,2.0,18.8,0.0,14.0,11.0,3.0,18.2,0.0,25.0,11.6,1.5,14.2,0.0,47.0,12.0,1.3,13.8,0.0,59.0,12.2,1.3,14.2,0.0,56.0,12.2,1.2,16.5,0.0,42.0,12.6,1.3,12.6,0.0,74.0,12.7,1.3,12.2,0.1,68.0,13.0,1.9,10.9,0.0,31.0,11.7,3.6,9.4,0.0,35.0,10.4,1.4
2016-07-25,Merced,37.055082,-120.750881,23.3,0.0,41.0,22.0,2.7,23.9,0.0,37.0,22.1,2.2,24.8,0.0,42.0,22.1,1.8,27.3,0.0,37.0,22.5,1.9,26.4,0.0,35.0,22.8,2.3,23.9,0.0,36.0,22.8,3.6,22.8,0.0,41.0,22.5,3.6,21.6,0.0,49.0,22.3,2.3,21.9,0.0,47.0,22.2,2.2,22.8,0.0,43.0,22.0,2.0,23.1,0.0,42.0,22.0,2.5,23.3,0.0,41.0,22.0,2.4,25.4,0.0,40.0,22.0,2.3,26.8,0.0,34.0,22.1,2.2
2021-11-14,San Diego,32.72754,-116.93722,16.5,0.1,78.0,19.8,1.3,16.2,0.0,85.0,19.4,1.9,16.1,0.0,84.0,19.2,2.1,15.6,0.1,89.0,19.0,1.4,15.8,0.3,89.0,19.1,1.4,15.2,0.0,92.0,19.2,1.3,15.6,0.0,87.0,19.1,1.3,15.6,0.0,81.0,19.1,1.3,15.3,0.0,82.0,19.1,1.3,16.0,0.1,80.0,18.8,1.9,17.0,0.0,79.0,19.0,1.6,21.7,0.0,39.0,19.0,1.8,23.5,0.0,28.0,19.2,1.5,22.1,0.0,31.0,19.4,1.2
2014-07-17,Yuba,39.2349,-121.3475,23.2,0.0,59.0,26.0,2.7,23.5,0.0,51.0,21.3,2.9,23.0,0.0,52.0,22.6,2.2,24.9,0.0,45.0,23.7,1.7,24.7,0.0,51.0,24.0,2.1,24.9,0.0,54.0,24.3,2.2,23.1,0.0,60.0,24.2,3.0,21.8,0.0,64.0,23.9,3.3,21.9,0.0,63.0,23.8,2.7,21.9,0.0,65.0,23.7,2.3,24.3,0.0,65.0,24.1,1.6,26.7,0.0,56.0,25.0,2.1,25.3,0.0,59.0,24.8,2.4,22.8,0.0,68.0,24.4,3.0
2022-03-09,Kern,35.60989,-118.41204,,,,,0.0,,,,,3.1,,,,,1.7,,,,,1.8,,,,,2.2,,,,,2.3,,,,,2.2,,,,,1.7,,,,,1.4,,,,,3.0,,,,,3.7,,,,,4.5,,,,,2.2,,,,,2.7
2013-04-03,Santa Barbara,34.883723,-120.246601,12.1,0.0,75.0,12.8,1.8,11.2,0.0,82.0,12.9,2.5,13.1,0.0,44.0,12.9,2.3,12.2,0.0,46.0,12.8,1.9,10.3,0.0,64.0,12.7,1.9,9.8,0.0,81.0,12.5,1.5,9.9,0.0,83.0,12.5,1.9,11.6,0.0,84.0,12.6,1.8,11.9,0.0,83.0,12.9,1.2,13.3,0.0,80.0,13.0,1.8,14.8,0.0,74.0,13.2,1.5,14.2,2.6,83.0,13.5,1.2,13.0,0.0,80.0,13.7,2.0,12.1,0.0,83.0,13.8,1.9
2011-08-10,Napa,38.6994,-122.4379,17.1,0.0,76.0,22.7,1.5,16.2,0.0,79.0,22.6,1.7,15.5,0.0,83.0,22.4,1.8,15.7,0.0,84.0,22.0,1.7,15.5,0.0,83.0,21.9,1.8,15.4,0.0,82.0,21.8,1.5,15.9,0.1,77.0,22.0,1.4,16.1,0.0,81.0,22.2,1.5,16.6,0.0,80.0,22.3,1.7,16.9,0.0,80.0,22.7,1.6,15.2,0.0,85.0,22.5,1.7,15.3,0.0,83.0,22.2,1.5,15.9,0.0,80.0,22.2,1.5,16.1,0.1,76.0,22.3,1.3
2021-01-29,Monterey,36.151231,-121.558858,14.0,0.0,61.0,11.5,2.0,13.0,0.0,68.0,11.7,2.0,13.6,0.0,64.0,11.8,1.5,13.9,0.0,49.0,11.8,1.9,14.3,0.0,24.0,11.2,3.0,11.6,0.0,35.0,10.4,2.0,10.1,0.0,53.0,10.3,2.3,8.8,0.8,84.0,10.7,1.3,9.1,0.2,79.0,11.2,2.1,7.1,5.2,87.0,10.2,2.1,7.6,1.5,70.0,9.9,4.2,6.4,1.6,69.0,8.7,2.7,8.7,90.9,95.0,8.7,3.7,9.9,19.4,93.0,9.3,3.3
2018-07-28,Ventura,34.282179,-118.803389,21.5,0.0,75.0,24.3,1.6,21.2,0.0,77.0,24.3,1.7,20.6,0.0,79.0,24.3,1.8,20.3,0.0,80.0,24.2,1.7,21.0,0.0,80.0,24.2,1.6,22.6,0.0,74.0,24.3,1.6,22.4,0.0,75.0,24.6,1.7,21.5,0.0,77.0,24.7,2.0,21.8,0.0,74.0,24.5,1.7,23.5,0.0,68.0,24.6,1.4,23.4,0.0,69.0,24.6,1.4,23.6,0.0,72.0,24.8,1.5,21.7,0.0,82.0,25.0,1.6,21.1,0.0,80.0,24.8,1.4
2010-10-09,Colusa,39.218344,-122.153187,19.9,0.0,59.0,19.9,0.9,20.7,0.0,55.0,20.0,1.2,21.3,0.0,59.0,20.0,0.9,26.4,0.0,45.0,21.4,0.5,23.4,0.0,53.0,22.0,0.5,23.0,0.0,55.0,23.0,0.5,20.8,0.0,63.0,22.2,0.5,20.0,0.0,66.0,21.5,0.5,20.0,0.0,58.0,20.9,0.7,14.7,0.0,79.0,19.4,0.6,19.4,0.0,46.0,18.5,0.8,17.9,0.0,68.0,19.2,0.6,17.4,0.0,63.0,19.2,0.7,15.3,0.0,70.0,18.8,0.5
2018-08-17,Shasta,40.72052,-122.23967,24.4,0.0,58.0,24.7,1.7,24.4,0.0,47.0,24.8,1.9,22.3,0.0,56.0,24.1,1.4,23.6,0.0,60.0,23.5,1.8,23.3,0.0,67.0,23.0,1.5,24.1,0.0,69.0,23.4,1.3,24.7,0.0,65.0,23.6,1.2,26.6,0.0,54.0,23.9,1.4,25.5,0.0,58.0,24.1,1.5,24.4,0.0,55.0,24.0,1.7,23.4,0.0,59.0,23.8,1.4,23.1,0.0,59.0,23.4,1.6,23.0,0.0,62.0,22.6,1.5,23.2,0.0,59.0,22.5,1.5
2010-09-07,Mendocino,39.005262,-123.195306,24.5,0.0,42.0,22.0,1.0,22.4,0.0,58.0,22.8,1.6,15.4,0.0,86.0,22.3,1.7,14.8,0.1,77.0,21.3,1.4,14.5,0.0,70.0,20.8,1.8,15.4,0.0,69.0,20.8,1.5,14.8,0.0,75.0,20.6,1.4,17.8,0.1,67.0,21.0,1.4,21.1,0.0,51.0,21.4,1.1,21.3,0.0,57.0,22.0,1.2,16.7,0.0,72.0,21.8,1.3,15.5,0.0,79.0,21.5,1.3,16.6,0.1,63.0,21.0,1.1,19.0,0.0,50.0,21.2,1.3
2010-05-19,San Diego,32.5666,-116.7986,15.3,0.0,81.0,19.2,1.9,15.9,0.0,73.0,19.5,1.8,16.7,0.0,76.0,19.3,1.4,17.2,0.0,74.0,19.6,1.5,14.7,0.0,73.0,19.3,2.0,14.8,0.0,69.0,19.0,2.3,13.8,0.0,65.0,18.8,2.1,15.1,0.0,60.0,18.5,1.9,15.5,0.0,75.0,19.0,1.5,15.2,0.0,74.0,19.5,1.5,15.8,0.0,77.0,19.7,1.7,14.9,0.0,83.0,19.7,1.4,14.7,0.0,73.0,19.3,1.6,16.2,0.0,74.0,19.3,1.7
2017-08-27,San Diego,32.833674,-116.7311,20.9,0.0,79.0,24.8,1.5,19.8,0.1,79.0,24.6,1.4,18.5,0.0,82.0,22.7,1.4,20.0,0.0,71.0,23.1,1.8,20.0,0.0,78.0,23.0,1.7,20.6,0.0,77.0,23.3,1.9,20.2,0.0,80.0,23.0,1.5,20.6,0.0,75.0,23.5,1.5,21.2,0.0,74.0,23.8,1.9,21.2,0.0,80.0,23.6,2.2,19.6,0.0,85.0,22.6,1.5,19.3,0.0,82.0,21.8,1.5,,0.0,,,1.4,,0.0,,23.1,1.7
2022-04-07,San Luis Obispo,35.0155237,-120.3564497,16.9,0.0,80.0,16.8,1.8,15.2,0.0,91.0,17.2,1.7,16.1,0.0,89.0,17.2,1.8,16.7,0.0,82.0,17.4,2.4,15.3,0.0,89.0,16.8,2.0,13.5,0.0,96.0,15.5,2.9,12.9,0.0,97.0,15.3,2.5,12.9,0.0,92.0,15.3,2.3,13.6,0.0,87.0,16.1,1.7,13.5,0.0,92.0,16.6,2.0,13.1,0.0,94.0,16.9,2.0,14.2,0.0,76.0,17.0,2.3,20.8,0.0,,17.7,2.5,,0.0,,18.8,1.7
2014-05-11,Kern,35.10995,-118.3970832,,,,,0.0,,,,,3.0,,,,,2.8,,,,,3.3,,,,,3.9,,,,,2.6,,,,,1.9,,,,,2.6,,,,,3.0,,,,,3.4,,,,,3.7,,,,,3.1,,,,,2.3,,,,,3.0
2021-11-12,Fresno,36.932,-119.735,16.5,0.0,,17.8,1.0,17.2,0.0,,17.9,1.6,15.4,0.0,,18.0,1.6,16.3,0.0,,17.9,1.8,19.3,0.0,72.0,17.9,1.7,16.4,0.0,89.0,17.9,1.5,15.9,0.0,94.0,17.9,1.9,14.4,0.0,83.0,17.8,1.7,15.1,0.0,82.0,17.5,2.4,13.0,0.0,71.0,17.2,3.3,11.9,0.5,67.0,16.7,1.7,13.6,1.1,100.0,16.7,2.4,12.0,0.0,100.0,16.8,2.1,11.8,0.0,100.0,16.7,1.1
2022-12-12,Santa Barbara,34.9592,-119.698014,,,,,0.0,,,,,0.0,,,,,1.6,,,,,1.6,,,,,1.2,,,,,1.8,,,,,1.5,,,,,1.0,,,,,1.9,,,,,1.6,,,,,1.6,,,,,1.4,,,,,1.2,,,,,1.4
2015-03-21,Madera,37.24484944019164,-119.86047836209606,14.0,0.0,59.0,13.5,1.4,15.7,0.0,54.0,13.9,1.8,16.4,0.0,55.0,14.1,1.7,17.8,0.0,56.0,14.4,1.4,17.7,0.0,62.0,14.8,3.0,17.0,0.0,64.0,14.9,3.5,17.6,0.0,62.0,15.1,1.5,21.0,0.0,51.0,15.6,1.4,22.5,0.0,41.0,16.1,2.5,18.4,0.0,47.0,16.0,3.4,17.5,0.0,59.0,16.0,2.4,16.7,0.0,50.0,15.9,2.7,17.2,0.0,48.0,15.8,2.0,18.2,0.0,46.0,15.7,2.0
2013-08-31,Lake,38.91152,-122.86854,20.3,0.0,61.0,21.3,1.4,22.2,0.0,58.0,21.5,1.5,20.2,0.0,67.0,21.6,1.7,18.4,0.0,75.0,21.1,2.0,17.1,0.0,74.0,21.0,1.9,16.1,0.0,76.0,20.5,1.8,17.3,0.0,72.0,20.6,1.6,18.1,0.0,67.0,20.5,2.0,18.9,0.0,75.0,21.1,1.8,19.2,0.0,67.0,21.3,1.6,19.0,0.0,61.0,21.1,1.6,19.2,0.0,76.0,21.4,1.8,20.5,0.0,72.0,21.9,1.6,21.8,0.0,58.0,22.0,1.3
2012-12-03,"Kern, San Luis Obispo",35.199333,-119.695667,14.9,0.0,61.0,15.5,1.3,15.4,0.0,59.0,15.2,1.2,16.5,0.0,64.0,15.3,1.7,15.3,0.0,70.0,15.4,2.1,13.7,0.0,70.0,14.8,1.0,14.4,0.0,71.0,14.5,1.1,14.1,0.0,74.0,14.4,1.1,14.1,0.1,73.0,14.2,1.0,15.2,0.0,67.0,14.2,1.3,16.0,3.5,72.0,14.5,1.4,17.3,0.2,84.0,15.2,1.6,19.2,0.0,73.0,15.8,1.7,18.3,1.7,,16.2,1.5,18.6,1.1,,16.5,2.0
2016-07-22,Kern,35.694044,-118.426716,,,,,0.0,,,,,3.0,,,,,3.0,,,,,3.2,,,,,2.4,,,,,2.4,,,,,2.2,,,,,2.6,,,,,3.2,,,,,3.3,,,,,3.1,,,,,2.8,,,,,2.5,,,,,2.5
2015-07-18,Kern,35.199501,-118.721683,30.1,0.0,34.0,,1.8,28.9,0.0,36.0,,1.7,27.0,0.0,44.0,,1.9,26.5,0.0,42.0,,1.7,24.5,0.0,43.0,,2.7,22.3,0.0,48.0,,2.6,23.3,0.0,51.0,,1.8,24.8,0.0,48.0,,1.8,25.6,0.0,47.0,,1.7,26.1,0.0,47.0,,1.7,26.9,0.0,39.0,,1.6,26.5,0.0,34.0,,1.6,27.3,0.0,34.0,,1.5,28.1,0.0,33.0,,1.7
2019-07-11,Merced,36.960029,-120.653749,19.9,0.0,48.0,22.7,1.8,20.5,0.0,47.0,22.4,1.5,23.1,0.0,41.0,22.7,1.5,24.1,0.0,37.0,23.4,1.8,23.6,0.0,38.0,23.5,1.7,21.9,0.0,44.0,23.1,1.6,22.5,0.0,48.0,21.4,1.4,23.2,0.0,44.0,22.5,1.4,25.8,0.0,37.0,23.2,1.4,25.5,0.0,39.0,23.4,1.4,23.5,0.0,42.0,23.3,1.7,22.2,0.0,46.0,22.9,1.9,22.6,0.0,48.0,22.8,1.5,24.5,0.0,53.0,23.4,1.7
2013-03-26,Fresno,36.639321,-120.30277,14.6,0.0,63.0,12.3,1.3,21.2,0.0,48.0,13.3,1.4,17.9,0.0,64.0,13.7,1.9,17.8,0.0,57.0,14.3,3.0,17.3,0.0,48.0,14.3,3.2,16.4,0.0,39.0,14.3,3.6,14.7,0.0,48.0,13.9,1.8,17.3,0.5,44.0,14.3,2.1,16.6,0.0,67.0,15.1,1.8,14.2,0.0,60.0,14.9,4.5,13.2,0.0,29.0,14.2,4.6,11.6,0.0,34.0,13.6,3.1,14.1,0.0,36.0,13.6,1.4,16.1,0.0,43.0,14.2,1.7
2014-09-20,Santa Cruz,37.18381,-122.13372,14.8,0.0,80.0,24.0,1.3,15.2,0.0,75.0,23.9,1.3,14.7,0.0,75.0,23.9,1.3,14.7,0.0,76.0,23.7,1.2,15.2,0.0,76.0,24.0,1.1,15.1,0.0,81.0,24.3,1.1,15.7,0.0,81.0,24.7,1.0,16.3,0.0,81.0,25.0,1.0,17.2,0.0,76.0,25.4,0.8,17.7,0.0,69.0,25.2,1.1,18.0,0.0,65.0,24.9,1.4,16.6,3.81,80.0,24.8,1.2,17.5,5.33,90.0,24.4,1.2,18.1,0.0,80.0,24.1,1.2
2016-12-12,Solano,38.455,-121.969167,9.8,1.9,88.0,12.5,3.2,8.6,0.0,72.0,12.3,2.8,7.7,0.1,88.0,11.8,2.2,10.4,0.0,51.0,11.6,5.5,10.8,0.0,44.0,11.3,6.4,8.3,0.0,68.0,11.1,1.5,7.4,0.0,81.0,10.9,1.0,7.3,0.0,81.0,10.7,1.8,5.7,0.0,78.0,10.4,1.3,5.0,5.2,74.0,9.9,2.7,5.4,9.3,100.0,9.7,2.2,10.5,1.4,100.0,10.0,2.1,14.2,4.0,97.0,11.3,4.3,7.9,0.0,86.0,11.5,1.4
2025-02-22,Siskiyou,41.575549,-123.021635,,1.5,,0.1,0.9,,0.0,,0.1,0.9,,0.0,,0.1,0.8,,0.0,,0.1,1.1,,0.0,,0.1,0.9,0.4,0.9,86.0,0.1,3.6,-0.3,0.3,82.0,0.1,4.3,-5.3,0.1,88.0,0.1,1.4,2.2,0.1,80.0,0.2,2.1,1.8,0.0,80.0,0.2,3.4,-2.8,0.0,96.0,0.2,1.2,0.8,2.3,90.0,0.2,1.6,-2.7,0.1,86.0,0.3,1.3,-4.3,0.0,89.0,0.3,1.2
2020-04-21,Kern,35.612809,-119.9569496,9.7,16.0,71.0,15.3,1.9,9.7,3.1,80.0,15.1,3.5,9.1,14.8,84.0,14.5,3.2,11.0,0.0,72.0,14.6,1.6,14.1,0.0,70.0,15.5,1.7,12.6,0.0,75.0,16.2,5.9,15.3,0.0,69.0,16.3,3.4,15.6,0.0,50.0,17.0,1.9,17.2,0.0,44.0,17.3,1.8,18.0,0.0,43.0,17.7,4.1,13.6,14.3,76.0,17.6,4.6,13.2,0.0,71.0,16.8,3.2,14.9,0.0,66.0,16.8,2.2,13.7,0.0,73.0,17.0,2.8
2014-03-27,Solano,38.470809,-122.038208,15.4,0.0,43.0,14.0,2.1,13.8,0.0,63.0,14.2,1.8,17.5,0.0,46.0,14.5,2.3,15.7,0.0,60.0,15.0,1.9,15.0,0.0,42.0,14.8,5.4,15.2,0.0,31.0,14.2,6.0,14.6,0.0,45.0,14.2,1.7,15.8,0.0,52.0,14.6,1.6,14.8,0.0,53.0,14.8,1.8,15.1,0.0,51.0,14.9,2.2,14.5,0.0,58.0,14.9,1.5,20.0,0.0,39.0,15.4,1.6,12.7,0.4,69.0,14.8,2.9,12.0,9.5,80.0,14.4,3.0
2021-10-21,Monterey,36.003814,-121.23129,13.4,0.0,67.0,21.0,1.9,12.9,0.0,63.0,20.7,3.0,13.4,0.0,59.0,20.4,1.9,14.4,0.0,55.0,20.1,2.0,12.9,0.0,50.0,19.8,4.9,12.9,0.0,32.0,19.4,3.7,11.3,0.0,59.0,19.1,2.2,13.6,0.1,55.0,18.9,1.8,16.1,0.0,35.0,18.9,1.6,16.9,0.0,30.0,18.7,2.0,14.1,0.1,43.0,18.3,2.6,10.6,0.3,67.0,18.3,2.4,11.7,0.0,53.0,17.8,2.2,16.3,0.0,55.0,17.3,2.0
2021-10-03,Contra Costa,38.046255,-122.191103,17.4,0.1,72.0,19.0,1.8,18.5,0.0,45.0,18.6,1.4,20.7,0.0,45.0,18.8,1.1,20.1,0.0,47.0,19.3,1.4,20.6,0.0,45.0,19.0,1.3,19.8,0.0,50.0,19.2,1.5,16.0,0.0,76.0,18.9,1.9,15.0,0.0,76.0,18.8,2.2,16.4,0.0,81.0,18.6,1.8,15.9,0.0,54.0,18.3,2.0,14.5,0.1,56.0,17.6,1.3,16.4,0.1,42.0,17.3,1.2,17.7,0.1,43.0,17.4,1.0,18.6,0.0,41.0,17.6,1.0
2024-05-15,Glenn,39.598771,-122.476758,,,,,3.9,,,,,2.6,,,,,2.2,,,,,3.4,,,,,1.5,,,,,1.7,,,,,3.3,,,,,3.9,,,,,2.8,,,,,1.9,,,,,1.0,,,,,1.2,,,,,1.2,,,,,1.3
2010-12-10,Lassen,41.0336731,-121.2199939,-1.6,0.0,72.0,3.9,1.2,-1.4,8.1,87.0,4.1,1.4,-6.2,0.1,87.0,4.4,1.0,-8.4,0.0,87.0,5.0,0.8,-1.4,0.0,84.0,5.1,0.9,1.1,0.2,83.0,5.1,1.2,1.2,3.3,90.0,5.3,1.1,0.8,12.3,91.0,5.3,0.6,1.9,0.6,92.0,5.2,1.0,4.6,2.6,88.0,5.6,1.3,4.7,6.5,87.0,6.0,1.8,0.8,0.3,92.0,5.9,1.3,4.5,0.8,88.0,6.0,2.1,6.4,4.5,87.0,6.4,1.8
2016-08-29,Tuolumne,37.9043,-119.615283,29.5,0.0,30.0,24.5,2.0,28.1,0.0,31.0,24.4,2.1,28.8,0.0,32.0,24.2,1.4,28.9,0.0,30.0,24.2,2.1,30.7,0.0,28.0,25.4,1.6,27.9,0.0,35.0,25.3,2.1,28.2,0.0,33.0,25.1,2.2,27.0,0.0,37.0,25.1,2.1,27.0,0.0,37.0,25.1,2.1,26.1,0.0,37.0,24.9,2.0,25.6,0.0,36.0,24.9,1.7,24.7,0.0,43.0,24.8,2.3,23.5,0.0,51.0,24.7,2.4,24.3,0.0,50.0,24.7,2.4
2012-10-25,Shasta,40.494374,-122.04948,16.0,0.0,61.0,18.1,2.8,14.3,0.0,74.0,18.0,1.6,16.0,0.0,67.0,17.7,1.8,16.5,0.0,70.0,17.8,1.2,19.4,0.0,63.0,18.2,1.1,21.1,0.0,49.0,18.6,2.3,21.7,0.0,24.0,18.2,4.5,19.3,0.0,41.0,17.7,1.9,17.7,0.0,65.0,17.8,1.5,16.4,0.0,55.0,17.7,1.5,13.8,0.0,50.0,17.1,3.1,11.8,10.3,71.0,16.5,5.5,11.2,0.2,67.0,15.9,3.8,11.0,0.9,79.0,15.7,2.6
2022-02-19,Merced,37.091637,-121.086625,8.0,0.0,78.0,9.9,1.4,8.0,0.0,71.0,9.9,1.2,9.0,0.0,77.0,9.9,1.5,10.4,0.0,68.0,10.0,1.2,10.6,0.0,72.0,10.1,1.4,11.4,0.0,67.0,10.2,1.2,12.2,0.0,72.0,10.3,1.3,13.0,0.0,72.0,10.5,1.3,13.7,0.0,75.0,10.8,1.4,12.8,0.0,75.0,11.0,2.9,11.3,0.0,52.0,11.1,5.8,9.9,0.0,52.0,10.7,2.7,9.6,0.0,62.0,10.5,1.4,10.7,0.0,65.0,10.5,1.5
2018-10-06,"Butte, Plumas, Shasta, Lassen, Tehama",39.871306,-121.389439,19.9,0.0,52.0,19.6,1.0,19.6,0.0,53.0,19.7,0.9,19.5,0.0,47.0,19.4,1.1,24.7,0.0,34.0,19.9,1.2,19.9,0.0,48.0,19.7,0.8,20.3,0.0,53.0,20.0,0.8,20.0,0.0,56.0,20.1,1.4,18.3,0.0,62.0,20.1,2.2,19.3,0.0,62.0,20.5,1.1,19.1,0.0,68.0,20.4,1.0,19.4,2.7,77.0,20.7,1.4,19.0,13.8,81.0,20.6,1.1,18.0,1.0,84.0,20.4,1.6,18.2,0.1,73.0,19.9,0.9
2015-02-23,Riverside,33.77777348,-117.487578,16.4,0.0,60.0,15.1,1.4,17.9,0.0,34.0,14.5,2.6,19.0,0.0,20.0,14.0,2.0,19.0,0.1,20.0,13.8,2.0,19.9,0.0,21.0,13.9,1.5,19.1,0.0,25.0,14.1,1.5,17.5,0.0,34.0,14.1,1.4,16.1,0.0,50.0,14.3,1.5,15.4,0.0,66.0,14.8,1.3,15.9,0.0,57.0,14.9,1.4,16.1,0.0,51.0,14.9,1.5,14.2,0.0,69.0,15.0,1.3,13.5,0.3,71.0,15.1,1.3,12.7,8.4,71.0,15.1,1.2
2014-12-29,Riverside,33.965596,-117.471517,10.6,0.0,61.0,12.5,1.1,11.4,0.9,72.0,12.7,1.2,11.9,8.1,73.0,12.7,1.6,11.3,0.0,66.0,12.8,1.2,11.1,0.0,68.0,12.3,1.1,10.3,0.0,76.0,12.2,0.9,12.0,0.0,73.0,12.3,1.1,15.8,0.1,56.0,12.8,1.4,20.1,0.0,28.0,13.2,2.7,14.9,0.0,41.0,12.9,1.2,12.4,0.0,34.0,12.4,4.2,10.6,0.0,20.0,10.7,3.7,9.8,0.0,21.0,9.8,2.3,7.4,0.0,39.0,9.3,1.1
2020-05-10,Kern,35.25322,-119.2071,,,,,0.0,,,,,0.0,,,,,1.8,,,,,1.9,,,,,1.6,,,,,1.7,,,,,2.3,,,,,2.3,,,,,2.3,,,,,2.3,,,,,1.9,,,,,1.6,,,,,1.9,,,,,1.6
2019-08-14,San Diego,32.660837,-116.231794,33.5,0.0,70.0,28.3,3.5,34.3,0.0,59.0,28.8,1.7,34.8,0.0,39.0,29.2,1.5,34.7,0.0,37.0,29.2,1.4,36.0,0.0,36.0,29.6,1.5,35.8,0.0,55.0,29.7,2.0,34.7,0.0,68.0,29.1,2.2,33.7,0.0,,28.5,2.8,34.1,0.0,,28.6,2.0,32.6,0.0,60.0,28.6,1.9,31.4,0.0,38.0,28.2,1.8,31.1,0.0,40.0,27.9,1.5,31.5,0.0,66.0,27.7,2.2,32.7,0.0,54.0,27.8,1.7
2017-12-05,Riverside,33.788907,-117.293584,22.1,0.0,24.0,15.6,1.5,24.2,0.0,27.0,16.3,1.7,23.4,0.0,32.0,16.8,1.4,20.8,0.0,41.0,17.1,1.2,20.5,0.0,42.0,16.9,1.4,17.7,0.0,55.0,16.7,1.3,13.8,0.6,83.0,16.4,1.5,16.5,0.0,33.0,15.4,1.9,16.5,0.0,34.0,14.8,2.1,15.7,0.0,48.0,14.5,1.1,15.9,0.0,54.0,14.6,1.3,16.1,0.0,59.0,14.7,1.3,13.8,0.0,77.0,15.5,1.2,13.4,0.1,33.0,13.7,4.5
2020-09-22,San Bernardino,33.896,-116.0533,32.5,0.0,44.0,28.9,2.1,25.6,0.0,25.0,27.6,2.5,23.8,0.0,40.0,25.0,1.7,26.6,0.0,34.0,24.2,1.7,28.2,0.0,28.0,24.5,1.7,29.6,0.0,26.0,24.6,1.9,31.5,0.0,27.0,24.7,2.0,31.2,0.0,28.0,24.9,2.1,34.8,0.0,19.0,24.9,2.6,34.4,0.0,19.0,24.8,2.3,33.4,0.0,24.0,24.9,1.7,32.3,0.0,33.0,25.3,1.9,33.2,0.0,30.0,25.6,2.1,32.7,0.0,33.0,25.7,2.1
2023-12-28,Siskiyou,41.25272,-121.82403,-0.2,0.0,85.0,4.7,1.1,-1.7,0.1,89.0,4.4,0.9,-0.7,0.1,80.0,4.2,1.0,-1.9,0.1,92.0,4.0,1.2,2.5,17.1,98.0,4.1,1.5,7.5,6.4,88.0,4.8,2.0,4.2,0.1,95.0,5.3,1.1,2.1,0.2,96.0,5.3,1.0,0.8,0.3,95.0,5.2,1.5,-0.6,0.0,72.0,4.9,1.5,-1.1,0.0,84.0,4.3,1.1,2.1,0.0,88.0,4.3,1.0,2.5,0.1,90.0,4.6,1.4,1.6,2.1,99.0,4.7,1.6
2022-01-10,Los Angeles,34.1105,-118.3536,6.2,7.7,98.0,11.3,0.8,7.0,0.1,85.0,10.7,1.1,7.8,41.8,98.0,10.6,1.4,9.8,38.2,100.0,10.8,2.5,10.1,0.0,89.0,11.4,1.2,9.7,0.0,47.0,10.8,2.5,10.8,0.0,37.0,10.1,2.6,9.4,0.0,54.0,10.1,2.7,9.0,0.0,69.0,10.4,1.4,11.8,0.0,72.0,11.2,1.2,13.9,0.0,63.0,12.5,1.4,9.6,0.0,96.0,12.3,0.9,12.0,0.0,85.0,13.5,1.1,15.6,0.1,30.0,12.8,3.4
2022-05-06,Siskiyou,41.673939,-122.369802,3.6,0.0,70.0,7.2,2.2,4.2,0.0,55.0,7.7,1.3,7.2,0.0,51.0,8.7,1.8,7.5,0.0,61.0,9.1,2.3,5.9,0.0,57.0,9.5,2.8,4.5,0.0,60.0,9.5,1.9,,,,,,11.9,0.0,45.0,9.5,2.1,8.3,1.1,68.0,10.7,4.1,6.2,0.0,56.0,10.3,1.3,4.1,1.7,66.0,10.3,4.2,5.4,0.0,64.0,9.8,1.5,11.5,0.0,53.0,11.1,1.7,9.4,1.6,70.0,11.3,3.3
2018-08-18,Placer,38.902253,-121.201005,24.3,0.0,54.0,21.6,1.8,22.0,0.0,64.0,21.7,1.0,23.0,0.2,60.0,22.1,0.8,22.0,0.0,60.0,22.8,1.4,21.9,0.0,70.0,23.2,0.6,24.8,0.0,57.0,24.1,1.0,25.5,0.0,53.0,24.7,1.1,25.6,0.0,49.0,25.0,2.5,23.3,0.0,53.0,24.6,1.9,22.2,0.0,58.0,24.5,2.1,20.2,0.0,66.0,24.2,2.3,20.5,0.0,66.0,24.1,2.3,22.4,0.0,57.0,24.3,1.7,24.1,0.0,51.0,24.8,1.2
2023-12-12,Placer,38.733421,-121.378879,5.5,0.0,66.0,9.1,1.1,8.3,0.0,62.0,9.6,1.5,8.1,0.0,74.0,9.8,1.5,8.5,0.0,73.0,10.1,1.5,12.3,0.2,88.0,11.4,3.2,13.4,0.0,79.0,12.4,2.5,9.9,0.1,87.0,12.1,0.9,9.4,0.0,85.0,11.8,0.8,9.1,2.7,93.0,11.3,2.4,9.3,3.2,91.0,11.4,2.6,7.7,0.2,73.0,10.7,4.0,5.2,0.0,76.0,9.8,1.1,4.9,0.0,78.0,9.2,1.1,5.4,0.0,76.0,8.9,0.9
2017-03-23,Siskiyou,41.474683,-122.520453,9.3,0.0,76.0,3.4,2.1,8.3,0.0,56.0,4.6,1.8,5.2,0.0,65.0,4.5,2.2,5.3,0.0,59.0,4.4,1.3,6.7,0.0,67.0,4.7,1.6,10.0,0.0,52.0,5.4,2.9,10.6,1.7,65.0,6.3,4.0,8.2,0.0,60.0,6.4,1.8,8.2,1.3,61.0,6.3,3.0,9.7,1.9,74.0,7.1,4.1,8.5,0.0,72.0,7.3,1.9,8.8,0.0,64.0,7.4,4.7,5.1,16.6,84.0,6.8,3.8,3.0,5.2,86.0,6.2,2.5
2016-02-26,Humboldt,40.471128,-123.654313,13.0,0.0,77.0,12.0,1.3,13.9,0.0,64.0,12.0,2.9,15.5,0.0,62.0,12.2,3.0,16.8,0.0,61.0,12.7,3.2,13.9,0.0,75.0,12.8,1.8,14.0,5.5,77.0,12.7,4.4,11.1,0.6,80.0,12.0,6.4,10.9,1.1,83.0,11.6,5.0,9.6,0.0,74.0,11.4,3.0,9.8,0.0,77.0,11.1,1.6,11.9,0.0,55.0,11.4,3.5,11.7,0.0,58.0,11.4,2.2,12.4,0.0,68.0,11.9,1.6,13.1,0.0,64.0,12.2,1.4
2020-07-07,Mariposa,37.499,-119.614,32.8,0.0,35.0,23.7,3.0,29.4,0.0,41.0,23.9,2.2,29.9,0.0,42.0,24.1,2.2,30.0,0.0,42.0,24.2,2.0,31.2,0.0,38.0,24.4,2.3,25.4,0.0,35.0,24.2,2.5,21.9,0.0,41.0,24.2,2.3,24.8,0.0,39.0,24.9,1.8,26.4,0.0,34.0,24.6,2.3,25.5,0.0,35.0,24.4,2.0,25.8,0.0,41.0,24.3,2.2,26.1,0.0,36.0,24.4,2.3,26.6,0.0,35.0,24.3,2.6,25.8,0.0,32.0,24.1,2.8
2022-01-10,Santa Barbara,34.9190169,-119.73328,5.3,9.7,100.0,12.6,0.9,6.9,0.1,83.0,12.2,1.5,8.4,1.2,94.0,12.1,2.5,9.2,2.5,100.0,12.1,0.9,9.9,0.0,81.0,12.2,2.3,6.4,0.0,74.0,12.3,1.1,5.6,0.0,71.0,12.0,0.9,5.7,0.1,86.0,11.7,1.1,8.5,0.0,88.0,11.6,1.0,11.5,0.2,70.0,11.7,1.5,10.8,0.0,82.0,11.9,1.0,10.2,0.5,95.0,12.2,1.0,10.8,0.0,87.0,12.4,1.1,8.9,0.1,73.0,12.5,1.0
2024-09-22,Solano,38.0936839,-122.1347757,22.6,2.4,43.0,20.8,1.2,18.3,2.8,65.0,20.9,1.9,15.1,10.3,79.0,20.3,2.6,17.6,23.8,69.0,18.4,3.1,17.5,1.5,62.0,18.3,1.6,19.2,0.8,48.0,18.8,1.5,17.1,0.4,65.0,19.1,2.5,14.0,0.1,82.0,18.7,3.3,14.2,0.1,76.0,18.2,1.8,14.5,0.1,78.0,18.2,2.3,16.3,0.2,81.0,18.5,1.7,16.0,0.6,79.0,18.9,2.1,16.4,0.5,74.0,19.1,2.2,18.2,0.6,68.0,19.3,1.8
2015-06-29,Alameda,37.724532,-121.69605,,0.0,,23.2,2.6,,2.2,,22.2,2.0,,0.0,,22.4,2.0,,2.1,,22.4,2.3,,0.0,,22.3,2.2,,2.0,,22.5,1.6,,1.9,,22.4,2.5,24.8,0.0,33.0,22.7,2.9,,2.2,,22.1,2.3,,0.0,,22.6,1.7,25.2,2.4,47.0,23.3,2.3,19.6,0.0,54.0,23.8,2.5,11.3,1.6,,23.3,2.8,11.7,0.7,,23.2,3.0
2020-12-18,Placer,38.8825,-121.10411,11.6,0.2,44.0,10.0,1.9,11.2,0.0,44.0,10.0,2.2,10.1,0.0,40.0,10.0,2.2,15.9,0.0,23.0,9.9,4.1,15.8,0.0,24.0,10.1,2.2,12.7,0.0,29.0,10.0,2.3,10.9,0.0,37.0,10.0,2.4,6.1,2.4,61.0,9.8,2.4,6.6,3.4,98.0,9.9,2.1,5.8,23.4,93.0,9.8,3.5,4.8,0.1,91.0,9.3,1.6,6.4,0.0,73.0,9.2,1.7,8.5,0.0,75.0,9.2,1.9,5.7,12.3,95.0,9.5,2.6
2019-05-01,Santa Clara,37.18725,-121.67208,12.9,0.0,79.0,17.2,1.3,15.4,0.0,71.0,17.9,1.3,12.9,0.0,86.0,18.9,1.0,13.4,0.0,76.0,19.3,1.6,13.2,0.0,76.0,19.2,1.2,12.5,0.0,82.0,19.1,1.2,16.5,0.0,67.0,19.6,1.2,17.0,0.0,72.0,20.4,1.1,13.3,0.0,88.0,20.6,1.0,12.4,0.0,90.0,20.6,1.1,12.4,0.0,88.0,19.9,1.1,12.0,0.0,82.0,19.5,1.2,12.7,0.0,78.0,19.5,1.0,12.9,0.0,77.0,19.7,1.3
2013-05-10,San Diego,32.723389,-116.891493,16.2,0.0,75.0,19.5,2.2,15.9,0.0,82.0,19.8,1.9,15.9,0.0,84.0,20.6,1.7,15.2,0.0,84.0,20.6,1.6,15.0,0.0,81.0,20.1,2.1,16.7,0.0,75.0,20.3,1.9,20.5,0.0,51.0,20.8,2.5,19.6,0.0,52.0,20.6,1.6,15.8,0.0,82.0,20.9,2.8,15.6,1.5,79.0,19.5,2.6,15.5,11.7,89.0,19.0,2.4,16.0,1.4,80.0,19.7,1.6,15.9,0.0,76.0,19.7,1.9,16.2,0.0,78.0,20.0,1.7
2016-09-13,Humboldt,40.78804,-124.19954,23.0,0.0,53.0,22.3,1.5,23.0,0.0,51.0,22.4,1.6,22.3,0.0,55.0,22.2,1.5,22.6,0.0,48.0,22.1,1.6,21.9,0.0,48.0,22.0,2.3,19.7,0.0,55.0,21.6,1.5,21.4,0.0,36.0,21.1,2.9,22.5,0.0,40.0,20.2,2.1,27.6,0.0,35.0,21.2,2.6,23.8,0.0,48.0,21.6,1.4,28.1,0.0,41.0,23.0,1.7,24.4,0.0,54.0,22.4,1.4,22.4,0.0,57.0,22.5,2.3,19.0,0.0,64.0,22.0,1.8
2012-01-29,Riverside,33.9278521,-117.3727011,10.7,1.3,42.0,9.4,1.0,9.8,0.1,70.0,10.4,1.4,7.4,0.0,64.0,9.6,0.9,9.1,0.0,54.0,9.3,0.7,10.2,0.0,53.0,9.4,1.1,10.3,0.0,66.0,9.9,1.0,11.4,4.0,74.0,10.9,1.9,9.8,0.0,70.0,10.5,1.1,9.6,4.1,81.0,10.4,1.2,13.8,0.1,41.0,10.7,2.6,18.3,0.0,28.0,11.3,2.6,17.9,0.0,37.0,12.1,1.6,17.3,0.0,28.0,12.1,3.6,17.4,0.0,9.0,11.1,3.8
2022-06-23,Madera,36.9678542,-119.9252132,26.6,0.0,39.0,20.7,2.8,29.0,0.0,36.0,20.9,2.8,29.9,0.0,31.0,21.1,3.6,27.7,0.0,43.0,21.2,3.8,22.9,0.0,32.0,20.6,5.4,26.5,0.0,23.0,19.9,3.8,25.5,0.0,26.0,20.1,2.8,25.4,0.0,30.0,20.3,3.4,18.1,0.0,44.0,20.8,3.3,19.4,0.0,42.0,20.4,3.6,20.6,0.0,37.0,20.2,3.2,23.6,0.0,34.0,20.2,2.7,26.6,0.0,30.0,20.4,2.6,26.4,0.1,38.0,20.7,2.9
2019-10-30,Santa Barbara,34.5337178,-120.195855,14.0,0.0,69.0,22.4,1.3,15.2,0.0,67.0,22.3,1.9,16.6,0.0,47.0,22.2,2.0,15.9,0.0,53.0,22.1,2.0,20.6,0.0,37.0,22.1,2.3,18.8,0.0,41.0,22.4,1.1,19.4,0.0,39.0,22.7,1.3,17.8,0.0,44.0,22.8,1.3,19.1,0.0,27.0,22.8,1.5,17.5,0.0,24.0,22.6,1.2,15.9,0.0,47.0,22.4,1.4,13.7,0.0,79.0,22.4,1.5,11.8,0.0,58.0,21.9,1.3,10.1,0.0,57.0,21.2,1.3
2010-03-03,Fresno,36.617148,-119.520906,13.6,0.1,83.0,13.4,1.0,13.9,2.8,82.0,13.6,0.9,11.4,0.2,93.0,13.2,1.6,12.0,1.5,82.0,12.8,1.8,10.1,9.7,92.0,12.6,1.4,8.5,0.1,86.0,12.0,1.9,9.1,1.3,85.0,11.0,1.7,11.4,16.2,93.0,11.8,2.1,9.3,0.3,94.0,11.6,1.4,11.5,13.6,90.0,11.4,1.5,11.7,9.3,81.0,12.2,2.5,12.1,0.0,82.0,13.0,1.3,12.7,0.1,79.0,13.1,1.1,12.5,0.0,83.0,13.3,1.5
2022-11-19,Santa Barbara,34.773809,-120.491594,10.6,0.0,75.0,14.0,1.8,11.3,0.0,82.0,14.3,1.3,10.6,0.0,91.0,14.6,1.1,11.1,0.0,84.0,14.7,2.2,9.0,0.0,80.0,14.3,1.5,10.7,0.0,61.0,13.8,1.6,10.9,0.0,61.0,13.7,1.8,8.7,0.0,73.0,13.5,1.6,8.0,0.0,67.0,13.1,1.0,8.3,0.0,60.0,12.7,1.0,8.0,0.0,67.0,12.4,1.2,10.7,0.0,49.0,12.3,1.1,11.3,0.0,46.0,12.5,1.8,8.6,0.0,64.0,12.3,1.2
2015-01-28,Los Angeles,34.60698,-118.3211,,,,,0.0,,,,,1.6,,,,,1.5,,,,,1.4,,,,,1.4,,,,,1.4,,,,,1.4,,,,,1.2,,,,,2.2,,,,,1.5,,,,,2.0,,,,,3.4,,,,,2.3,,,,,1.6
2016-02-11,Santa Barbara,34.9190169,-119.73328,9.2,0.0,75.0,,1.4,12.2,0.0,83.0,,2.2,12.6,0.1,93.0,,1.8,9.4,29.7,86.0,,4.0,7.7,0.9,59.0,,2.8,5.8,0.0,79.0,,1.6,7.1,0.0,78.0,,1.4,7.8,0.0,77.0,,1.2,8.8,0.0,66.0,,1.3,10.3,0.0,61.0,,1.3,11.9,0.0,61.0,,1.2,13.1,0.0,57.0,,1.1,13.8,0.0,51.0,,1.2,12.9,0.0,65.0,,1.3
2018-07-04,Riverside,33.822694,-117.282555,22.1,0.0,63.0,23.0,1.9,22.2,0.0,65.0,23.9,1.9,23.5,0.0,62.0,24.3,1.9,20.6,0.0,72.0,24.4,2.1,20.7,0.0,65.0,24.3,2.1,22.1,0.0,58.0,24.3,1.9,22.5,0.0,54.0,24.1,1.8,23.3,0.0,48.0,24.2,1.9,21.6,0.0,61.0,24.2,2.0,20.3,0.0,64.0,24.4,2.1,20.7,0.0,66.0,24.0,2.0,22.0,0.0,56.0,24.5,1.9,22.4,0.0,60.0,24.7,1.9,21.6,0.0,65.0,24.7,1.9
2023-05-25,Los Angeles,34.5938959,-118.063529,,,,,0.0,,,,,2.2,,,,,1.5,,,,,1.8,,,,,2.4,,,,,1.8,,,,,1.8,,,,,1.8,,,,,2.1,,,,,2.3,,,,,2.1,,,,,1.7,,,,,2.0,,,,,3.2
2020-07-07,Santa Barbara,34.9592,-119.698014,,,,,0.0,,,,,0.0,,,,,1.8,,,,,1.8,,,,,2.3,,,,,1.8,,,,,2.1,,,,,2.9,,,,,2.2,,,,,1.7,,,,,2.5,,,,,2.2,,,,,1.8,,,,,1.7
2025-03-11,Merced,37.060845,-121.057483,,,,,2.4,,,,,1.3,,,,,1.5,,,,,1.7,,,,,2.3,,,,,3.0,,,,,2.3,,,,,1.4,,,,,1.4,,,,,1.7,,,,,2.4,,,,,1.6,,,,,1.9,,,,,1.7
